Train signal size,Train background size,Validation signal size,Validation background size,Test signal size,Test background size,Training method,Model structure,Model Name,Loss,ACC,AUC,Loss-true,ACC-true,AUC-true,Sample Type,Training epochs,time
100000,100000,25000,25000,25000,25000,supervised,ParT_Light,ParT_w_a_01,0.4555463790893554,0.78912,0.868323836,0.4520143270492553,0.79156,0.8697649264,"pure, w/ photon",54,2025-08-11 18:55:31.285640
100000,100000,25000,25000,25000,25000,supervised,ParT_Light,ParT_w_a_06,0.4480936825275421,0.79406,0.8734565807999999,0.4471285939216614,0.79694,0.8734861232,"pure, w/ photon",80,2025-08-11 20:19:21.480435
100000,100000,25000,25000,25000,25000,supervised,ParT_Light,ParT_w_a_02,0.4608646929264068,0.78674,0.8650497208000001,0.4579125046730041,0.78904,0.8666850472000001,"pure, w/ photon",59,2025-08-11 22:05:35.531676
100000,100000,25000,25000,25000,25000,supervised,ParT_Light,ParT_w_a_08,0.4508073031902313,0.79246,0.8710792488,0.4483741819858551,0.79626,0.8724555824000001,"pure, w/ photon",93,2025-08-12 01:58:11.008028
100000,100000,25000,25000,25000,25000,supervised,ParT_Light,ParT_w_a_03,0.450206458568573,0.79316,0.8721825000000001,0.4490006566047668,0.79416,0.8720472568,"pure, w/ photon",110,2025-08-12 04:01:19.116501
100000,100000,25000,25000,25000,25000,supervised,ParT_Light,ParT_w_a_09,0.4566151201725006,0.78906,0.8671893216,0.4538226127624511,0.79152,0.8689512616,"pure, w/ photon",62,2025-08-12 05:19:01.426952
100000,100000,25000,25000,25000,25000,supervised,ParT_Light,ParT_w_a_04,0.4755666851997375,0.7776,0.8563353456,0.4741305410861969,0.78076,0.8572910600000001,"pure, w/ photon",61,2025-08-12 07:18:45.944038
100000,100000,25000,25000,25000,25000,supervised,ParT_Light,ParT_w_a_10,0.4900567531585693,0.76956,0.8462174800000001,0.4850084781646728,0.77332,0.8493599223999999,"pure, w/ photon",47,2025-08-12 07:50:48.062375
100000,100000,25000,25000,25000,25000,supervised,ParT_Light,ParT_w_a_05,0.5130141973495483,0.75166,0.8279915600000001,0.5112495422363281,0.75308,0.8289628112,"pure, w/ photon",24,2025-08-12 08:35:43.717494
100000,100000,25000,25000,25000,25000,supervised,ParT_Light,ParT_wo_a_06,0.4661099910736084,0.78104,0.8620566632,0.4637807309627533,0.78368,0.8630075888000002,"pure, w/o photon",53,2025-08-12 10:41:48.123099
100000,100000,25000,25000,25000,25000,supervised,ParT_Light,ParT_wo_a_01,0.4606584012508392,0.78402,0.8648381456,0.4592405557632446,0.78662,0.8651549912000001,"pure, w/o photon",90,2025-08-12 13:27:30.441385
100000,100000,25000,25000,25000,25000,supervised,ParT_Light,ParT_wo_a_02,0.5233261585235596,0.747,0.819018,0.5195151567459106,0.74918,0.8222441528,"pure, w/o photon",33,2025-08-12 15:13:10.771336
100000,100000,25000,25000,25000,25000,supervised,ParT_Light,ParT_wo_a_07,0.4580061435699463,0.78652,0.8663772408000001,0.4566937386989593,0.78768,0.866711456,"pure, w/o photon",86,2025-08-12 15:19:20.193952
100000,100000,25000,25000,25000,25000,supervised,ParT_Light,ParT_wo_a_03,0.5514287948608398,0.72688,0.7966114928000001,0.5495481491088867,0.72914,0.7995486864,"pure, w/o photon",17,2025-08-12 16:07:14.358722
100000,100000,25000,25000,25000,25000,supervised,ParT_Light,ParT_wo_a_08,0.4771257042884826,0.77626,0.854558924,0.4740954041481018,0.77704,0.8558611543999999,"pure, w/o photon",32,2025-08-12 17:02:39.619690
100000,100000,25000,25000,25000,25000,supervised,ParT_Light,ParT_wo_a_04,0.4934791326522827,0.76556,0.8442269128000001,0.4905372560024261,0.76698,0.8458834376,"pure, w/o photon",32,2025-08-12 17:50:37.772484
100000,100000,25000,25000,25000,25000,supervised,ParT_Light,ParT_wo_a_09,0.4772071540355682,0.77526,0.8542829208,0.4759639799594879,0.778,0.8545686567999999,"pure, w/o photon",40,2025-08-12 19:12:32.734220
100000,100000,25000,25000,25000,25000,supervised,ParT_Light,ParT_wo_a_05,0.4606756269931793,0.7847,0.8644766088,0.460491806268692,0.78456,0.8641951472000001,"pure, w/o photon",94,2025-08-12 22:53:22.249662
720,491,180,124,10000,10000,CWoLa,ParT_Light,ParT_L100_w_a_01,0.6680012941360474,0.618421052631579,0.5460125448028674,0.6962189674377441,0.55355,0.5687009650000001,"quark jet: = 2, L: 100 fb^-1, w/ photon",27,2025-08-12 22:55:59.770918
720,491,180,124,10000,10000,CWoLa,ParT_Light,ParT_L100_w_a_02,0.7288140058517456,0.5953947368421053,0.5136200716845879,0.7047646641731262,0.51645,0.499634035,"quark jet: = 2, L: 100 fb^-1, w/ photon",27,2025-08-12 22:58:41.802461
720,491,180,124,10000,10000,CWoLa,ParT_Light,ParT_L100_w_a_03,0.7066893577575684,0.5888157894736842,0.4940412186379928,0.7262593507766724,0.5057,0.4729353549999999,"quark jet: = 2, L: 100 fb^-1, w/ photon",33,2025-08-12 23:01:38.128871
720,491,180,124,10000,10000,CWoLa,ParT_Light,ParT_L100_w_a_04,0.6743882894515991,0.5986842105263158,0.5672491039426523,0.6960980892181396,0.59515,0.62248762,"quark jet: = 2, L: 100 fb^-1, w/ photon",47,2025-08-12 23:05:32.946659
720,491,180,124,10000,10000,CWoLa,ParT_Light,ParT_L100_w_a_05,0.6801750063896179,0.5888157894736842,0.5592293906810036,0.7315731048583984,0.52965,0.53090664,"quark jet: = 2, L: 100 fb^-1, w/ photon",24,2025-08-12 23:08:15.951814
2162,1475,542,370,10000,10000,CWoLa,ParT_Light,ParT_L300_w_a_01,0.6760599613189697,0.606359649122807,0.5452578039293907,0.6935715079307556,0.56375,0.583868915,"quark jet: = 2, L: 300 fb^-1, w/ photon",17,2025-08-12 23:11:02.902744
2162,1475,542,370,10000,10000,CWoLa,ParT_Light,ParT_L300_w_a_02,0.672668993473053,0.5942982456140351,0.5621571756258102,0.7019810676574707,0.52615,0.531335305,"quark jet: = 2, L: 300 fb^-1, w/ photon",26,2025-08-12 23:14:39.135284
2162,1475,542,370,10000,10000,CWoLa,ParT_Light,ParT_L300_w_a_03,0.6769965887069702,0.5953947368421053,0.528527974468934,0.7105530500411987,0.52095,0.52493893,"quark jet: = 2, L: 300 fb^-1, w/ photon",16,2025-08-12 23:17:15.200381
2162,1475,542,370,10000,10000,CWoLa,ParT_Light,ParT_L300_w_a_04,0.6786181926727295,0.6019736842105263,0.5585868155978857,0.6829258799552917,0.57465,0.601380715,"quark jet: = 2, L: 300 fb^-1, w/ photon",14,2025-08-12 23:19:41.875167
2162,1475,542,370,10000,10000,CWoLa,ParT_Light,ParT_L300_w_a_05,0.6738906502723694,0.5953947368421053,0.5426747780991323,0.7005507349967957,0.5701,0.591311625,"quark jet: = 2, L: 300 fb^-1, w/ photon",21,2025-08-12 23:22:53.807673
6492,4429,1624,1108,10000,10000,CWoLa,ParT_Light,ParT_L900_w_a_01,0.6779402494430542,0.5955344070278185,0.5329830853977344,0.7021476030349731,0.5107,0.5076951349999999,"quark jet: = 2, L: 900 fb^-1, w/ photon",15,2025-08-12 23:27:04.812802
6492,4429,1624,1108,10000,10000,CWoLa,ParT_Light,ParT_L900_w_a_02,0.6752972602844238,0.595900439238653,0.5386252689797444,0.7160686254501343,0.51645,0.51744573,"quark jet: = 2, L: 900 fb^-1, w/ photon",13,2025-08-12 23:30:46.416324
6492,4429,1624,1108,10000,10000,CWoLa,ParT_Light,ParT_L900_w_a_03,0.6746528744697571,0.5962664714494875,0.5520003423378563,0.6896132826805115,0.59385,0.619964285,"quark jet: = 2, L: 900 fb^-1, w/ photon",16,2025-08-12 23:35:05.983071
100000,100000,25000,25000,25000,25000,supervised,ParT_Light,ParT_wo_a_10,0.461411714553833,0.78586,0.8652321536,0.4592796564102173,0.7861,0.8657878200000001,"pure, w/o photon",86,2025-08-12 23:50:27.488944
6492,4429,1624,1108,10000,10000,CWoLa,ParT_Light,ParT_L900_w_a_04,0.6429399251937866,0.62298682284041,0.6491892817129341,0.6374131441116333,0.68485,0.746765025,"quark jet: = 2, L: 900 fb^-1, w/ photon",72,2025-08-12 23:50:43.081549
720,491,180,124,10000,10000,CWoLa,ParT_Light,ParT_L100_w_a_06,9.133193016052246,0.5888157894736842,0.4365143369175627,7.71054220199585,0.5,0.3660851499999999,"quark jet: = 2, L: 100 fb^-1, w/ photon",12,2025-08-12 23:52:06.341992
720,491,180,124,10000,10000,CWoLa,ParT_Light,ParT_L100_w_a_07,0.6734205484390259,0.631578947368421,0.5756272401433692,0.6913496851921082,0.5459,0.5514313399999999,"quark jet: = 2, L: 100 fb^-1, w/ photon",19,2025-08-12 23:54:17.266015
6492,4429,1624,1108,10000,10000,CWoLa,ParT_Light,ParT_L900_w_a_05,0.6850917339324951,0.5944363103953147,0.501368795682097,0.6944606304168701,0.532,0.53739017,"quark jet: = 2, L: 900 fb^-1, w/ photon",17,2025-08-12 23:55:12.318017
720,491,180,124,10000,10000,CWoLa,ParT_Light,ParT_L100_w_a_08,0.6661936044692993,0.631578947368421,0.6232974910394266,0.6763201355934143,0.60475,0.64380478,"quark jet: = 2, L: 100 fb^-1, w/ photon",57,2025-08-12 23:59:18.511612
12985,8860,3248,2216,10000,10000,CWoLa,ParT_Light,ParT_L1800_w_a_01,0.6762267351150513,0.5964494875549048,0.5380693173027333,0.7047408223152161,0.55405,0.570135845,"quark jet: = 2, L: 1800 fb^-1, w/ photon",12,2025-08-13 00:00:30.711677
720,491,180,124,10000,10000,CWoLa,ParT_Light,ParT_L100_w_a_09,3.080514907836914,0.6085526315789473,0.4849910394265233,4.006646633148193,0.5,0.47618813,"quark jet: = 2, L: 100 fb^-1, w/ photon",14,2025-08-13 00:01:05.813725
720,491,180,124,10000,10000,CWoLa,ParT_Light,ParT_L100_w_a_10,0.6737698912620544,0.618421052631579,0.5338709677419354,0.7173839211463928,0.5301,0.540839505,"quark jet: = 2, L: 100 fb^-1, w/ photon",21,2025-08-13 00:03:35.510789
2162,1475,542,370,10000,10000,CWoLa,ParT_Light,ParT_L300_w_a_06,0.6735687255859375,0.6096491228070176,0.5275007479804528,0.7063024640083313,0.55015,0.5525759,"quark jet: = 2, L: 300 fb^-1, w/ photon",27,2025-08-13 00:07:12.813101
12985,8860,3248,2216,10000,10000,CWoLa,ParT_Light,ParT_L1800_w_a_02,0.6762480735778809,0.6048682284040996,0.5367260163432982,0.694003164768219,0.55695,0.570678095,"quark jet: = 2, L: 1800 fb^-1, w/ photon",22,2025-08-13 00:09:53.051208
2162,1475,542,370,10000,10000,CWoLa,ParT_Light,ParT_L300_w_a_07,0.6613471508026123,0.6326754385964912,0.6282287822878229,0.6824565529823303,0.6139,0.65113325,"quark jet: = 2, L: 300 fb^-1, w/ photon",27,2025-08-13 00:11:07.337290
2162,1475,542,370,10000,10000,CWoLa,ParT_Light,ParT_L300_w_a_08,0.6812172532081604,0.6052631578947368,0.5446943253216316,0.6792266368865967,0.58525,0.61826235,"quark jet: = 2, L: 300 fb^-1, w/ photon",14,2025-08-13 00:13:25.120027
2162,1475,542,370,10000,10000,CWoLa,ParT_Light,ParT_L300_w_a_09,0.6688343286514282,0.6019736842105263,0.5677321232671786,0.7087168097496033,0.55105,0.565205865,"quark jet: = 2, L: 300 fb^-1, w/ photon",19,2025-08-13 00:16:25.857383
12985,8860,3248,2216,10000,10000,CWoLa,ParT_Light,ParT_L1800_w_a_03,0.6813473105430603,0.5962664714494875,0.5635033250120041,0.6707957983016968,0.6148,0.6560003649999999,"quark jet: = 2, L: 1800 fb^-1, w/ photon",27,2025-08-13 00:21:14.752430
2162,1475,542,370,10000,10000,CWoLa,ParT_Light,ParT_L300_w_a_10,0.656802237033844,0.618421052631579,0.6153286127455868,0.6727572083473206,0.62525,0.675077895,"quark jet: = 2, L: 300 fb^-1, w/ photon",48,2025-08-13 00:22:11.044985
12985,8860,3248,2216,10000,10000,CWoLa,ParT_Light,ParT_L1800_w_a_04,0.6614158749580383,0.6096266471449487,0.6133782966690972,0.6593382358551025,0.64605,0.6961183000000001,"quark jet: = 2, L: 1800 fb^-1, w/ photon",26,2025-08-13 00:32:16.211541
6492,4429,1624,1108,10000,10000,CWoLa,ParT_Light,ParT_L900_w_a_06,0.6521349549293518,0.613103953147877,0.6284394951183511,0.6490169167518616,0.6576,0.7184435849999999,"quark jet: = 2, L: 900 fb^-1, w/ photon",67,2025-08-13 00:37:27.435246
6492,4429,1624,1108,10000,10000,CWoLa,ParT_Light,ParT_L900_w_a_07,0.6679689884185791,0.5969985358711567,0.5743428891536697,0.6883679628372192,0.5953,0.624718815,"quark jet: = 2, L: 900 fb^-1, w/ photon",14,2025-08-13 00:41:27.925326
12985,8860,3248,2216,10000,10000,CWoLa,ParT_Light,ParT_L1800_w_a_05,0.6603380441665649,0.6114568081991215,0.6079295117461898,0.6558714509010315,0.6487,0.7061045149999999,"quark jet: = 2, L: 1800 fb^-1, w/ photon",25,2025-08-13 00:42:23.912767
21644,14768,5412,3693,10000,10000,CWoLa,ParT_Light,ParT_L3000_w_a_01,6.185111045837402,0.5948380010982977,0.5572391906623446,7.624618530273437,0.54895,0.56118662,"quark jet: = 2, L: 3000 fb^-1, w/ photon",12,2025-08-13 00:50:20.793979
6492,4429,1624,1108,10000,10000,CWoLa,ParT_Light,ParT_L900_w_a_08,0.6810129284858704,0.6079795021961932,0.5833375940317619,0.6539533138275146,0.63095,0.67993445,"quark jet: = 2, L: 900 fb^-1, w/ photon",41,2025-08-13 00:51:12.884965
6492,4429,1624,1108,10000,10000,CWoLa,ParT_Light,ParT_L900_w_a_09,0.6732000112533569,0.6024890190336749,0.5702765156230549,0.6849655508995056,0.59025,0.62240431,"quark jet: = 2, L: 900 fb^-1, w/ photon",15,2025-08-13 00:55:22.587971
6492,4429,1624,1108,10000,10000,CWoLa,ParT_Light,ParT_L900_w_a_10,0.6871128678321838,0.5977306002928258,0.5458038048407462,0.6799006462097168,0.576,0.600362135,"quark jet: = 2, L: 900 fb^-1, w/ photon",12,2025-08-13 00:58:43.089587
12985,8860,3248,2216,10000,10000,CWoLa,ParT_Light,ParT_L1800_w_a_06,0.6800861358642578,0.5942532942898975,0.5105482851985559,0.7018104195594788,0.50265,0.492650365,"quark jet: = 2, L: 1800 fb^-1, w/ photon",16,2025-08-13 01:05:44.356156
21644,14768,5412,3693,10000,10000,CWoLa,ParT_Light,ParT_L3000_w_a_02,0.6584519147872925,0.6124107633168588,0.6203317276507821,0.6376882791519165,0.66865,0.7333296349999999,"quark jet: = 2, L: 3000 fb^-1, w/ photon",25,2025-08-13 01:06:43.495074
12985,8860,3248,2216,10000,10000,CWoLa,ParT_Light,ParT_L1800_w_a_07,0.6497060060501099,0.6171303074670571,0.629570502147392,0.6390994191169739,0.6782,0.74180464,"quark jet: = 2, L: 1800 fb^-1, w/ photon",37,2025-08-13 01:21:07.380061
12985,8860,3248,2216,10000,10000,CWoLa,ParT_Light,ParT_L1800_w_a_08,9.169149398803713,0.5966325036603221,0.5470823617088438,7.712473392486572,0.529,0.5363078450000001,"quark jet: = 2, L: 1800 fb^-1, w/ photon",12,2025-08-13 01:26:27.158825
12985,8860,3248,2216,10000,10000,CWoLa,ParT_Light,ParT_L1800_w_a_09,0.6634272336959839,0.6068814055636896,0.6012556602452384,0.669277012348175,0.63905,0.692487745,"quark jet: = 2, L: 1800 fb^-1, w/ photon",39,2025-08-13 01:42:23.390524
12985,8860,3248,2216,10000,10000,CWoLa,ParT_Light,ParT_L1800_w_a_10,0.6887208223342896,0.5948023426061494,0.4794723023110028,0.7316791415214539,0.505,0.4606769300000001,"quark jet: = 2, L: 1800 fb^-1, w/ photon",12,2025-08-13 01:47:41.792151
21644,14768,5412,3693,10000,10000,CWoLa,ParT_Light,ParT_L3000_w_a_03,0.6368856430053711,0.628775398132894,0.658815948712622,0.6250971555709839,0.6957,0.761492535,"quark jet: = 2, L: 3000 fb^-1, w/ photon",73,2025-08-13 01:52:57.906949
21644,14768,5412,3693,10000,10000,CWoLa,ParT_Light,ParT_L3000_w_a_06,0.6795046329498291,0.5945085118066996,0.5179773953599517,0.6968719363212585,0.54215,0.55039321,"quark jet: = 2, L: 3000 fb^-1, w/ photon",16,2025-08-13 01:58:29.437227
21644,14768,5412,3693,10000,10000,CWoLa,ParT_Light,ParT_L3000_w_a_07,0.6446225047111511,0.6251510159253157,0.6441843340780354,0.632743239402771,0.68675,0.7489807450000001,"quark jet: = 2, L: 3000 fb^-1, w/ photon",69,2025-08-13 02:42:52.293519
21644,14768,5412,3693,10000,10000,CWoLa,ParT_Light,ParT_L3000_w_a_04,0.6441681981086731,0.6233937397034597,0.6433024395047141,0.6369131803512573,0.6897,0.7535464999999999,"quark jet: = 2, L: 3000 fb^-1, w/ photon",88,2025-08-13 02:47:22.340050
21644,14768,5412,3693,10000,10000,CWoLa,ParT_Light,ParT_L3000_w_a_08,0.6801542043685913,0.5968149368478858,0.5420103483768757,0.6864151358604431,0.5648,0.587700095,"quark jet: = 2, L: 3000 fb^-1, w/ photon",15,2025-08-13 02:52:51.292479
21644,14768,5412,3693,10000,10000,CWoLa,ParT_Light,ParT_L3000_w_a_09,0.6822765469551086,0.5957166392092257,0.5427212026348164,0.6821967363357544,0.56915,0.5959805,"quark jet: = 2, L: 3000 fb^-1, w/ photon",14,2025-08-13 03:02:16.236729
21644,14768,5412,3693,10000,10000,CWoLa,ParT_Light,ParT_L3000_w_a_10,0.6611480116844177,0.6051619989017024,0.5973269178079861,0.6710551977157593,0.636,0.688658775,"quark jet: = 2, L: 3000 fb^-1, w/ photon",19,2025-08-13 03:14:52.139755
720,491,180,124,10000,10000,CWoLa,ParT_Light,ParT_L100_wo_a_06,0.672213077545166,0.5986842105263158,0.5792114695340502,0.6879117488861084,0.56045,0.57880694,"quark jet: = 2, L: 100 fb^-1, w/o photon",32,2025-08-13 03:18:21.900701
720,491,180,124,10000,10000,CWoLa,ParT_Light,ParT_L100_wo_a_07,0.681156575679779,0.5986842105263158,0.540725806451613,0.701210618019104,0.5317,0.531658135,"quark jet: = 2, L: 100 fb^-1, w/o photon",37,2025-08-13 03:21:30.032687
720,491,180,124,10000,10000,CWoLa,ParT_Light,ParT_L100_wo_a_08,0.6675257682800293,0.618421052631579,0.5851702508960573,0.724413275718689,0.5033,0.46989569,"quark jet: = 2, L: 100 fb^-1, w/o photon",25,2025-08-13 03:24:29.786290
720,491,180,124,10000,10000,CWoLa,ParT_Light,ParT_L100_wo_a_09,0.6915267109870911,0.6019736842105263,0.4694444444444444,0.7268116474151611,0.50045,0.483475815,"quark jet: = 2, L: 100 fb^-1, w/o photon",14,2025-08-13 03:26:38.492992
21644,14768,5412,3693,10000,10000,CWoLa,ParT_Light,ParT_L3000_w_a_05,0.6518347859382629,0.615595826468973,0.6264301391998486,0.6402684450149536,0.6766,0.7366792149999999,"quark jet: = 2, L: 3000 fb^-1, w/ photon",66,2025-08-13 03:28:40.327338
720,491,180,124,10000,10000,CWoLa,ParT_Light,ParT_L100_wo_a_10,1.5734796524047852,0.6019736842105263,0.5512992831541219,1.5805234909057615,0.5002,0.465803955,"quark jet: = 2, L: 100 fb^-1, w/o photon",14,2025-08-13 03:28:44.454322
720,491,180,124,10000,10000,CWoLa,ParT_Light,ParT_L100_wo_a_01,0.681894063949585,0.5986842105263158,0.5709229390681003,0.7327873706817627,0.5659,0.5883924650000001,"quark jet: = 2, L: 100 fb^-1, w/o photon",13,2025-08-13 03:30:40.433321
2162,1475,542,370,10000,10000,CWoLa,ParT_Light,ParT_L300_wo_a_06,0.6814353466033936,0.6052631578947368,0.532816395731525,0.6810421347618103,0.5817,0.6104739399999999,"quark jet: = 2, L: 300 fb^-1, w/o photon",27,2025-08-13 03:32:47.659386
720,491,180,124,10000,10000,CWoLa,ParT_Light,ParT_L100_wo_a_02,0.6765285730361938,0.6019736842105263,0.5103494623655914,0.7038044333457947,0.55435,0.57771029,"quark jet: = 2, L: 100 fb^-1, w/o photon",25,2025-08-13 03:33:26.907663
720,491,180,124,10000,10000,CWoLa,ParT_Light,ParT_L100_wo_a_03,8.19736385345459,0.6217105263157895,0.5674283154121864,6.85215950012207,0.57955,0.589365825,"quark jet: = 2, L: 100 fb^-1, w/o photon",12,2025-08-13 03:35:13.263381
2162,1475,542,370,10000,10000,CWoLa,ParT_Light,ParT_L300_wo_a_07,0.7154754996299744,0.5986842105263158,0.4742495262790466,0.7083130478858948,0.51945,0.51152279,"quark jet: = 2, L: 300 fb^-1, w/o photon",18,2025-08-13 03:35:50.271398
720,491,180,124,10000,10000,CWoLa,ParT_Light,ParT_L100_wo_a_04,0.7302930951118469,0.5888157894736842,0.5147849462365592,0.7153951525688171,0.5171,0.516103985,"quark jet: = 2, L: 100 fb^-1, w/o photon",12,2025-08-13 03:37:00.457477
720,491,180,124,10000,10000,CWoLa,ParT_Light,ParT_L100_wo_a_05,0.6739811897277832,0.6019736842105263,0.5727598566308243,0.7037724256515503,0.56875,0.59416896,"quark jet: = 2, L: 100 fb^-1, w/o photon",34,2025-08-13 03:40:30.211870
2162,1475,542,370,10000,10000,CWoLa,ParT_Light,ParT_L300_wo_a_01,0.6783979535102844,0.5975877192982456,0.5029570160566471,0.7060011029243469,0.50405,0.475890415,"quark jet: = 2, L: 300 fb^-1, w/o photon",31,2025-08-13 03:44:30.911492
2162,1475,542,370,10000,10000,CWoLa,ParT_Light,ParT_L300_wo_a_08,0.658646821975708,0.6151315789473685,0.6075845217911638,0.674546480178833,0.6312,0.6796735150000001,"quark jet: = 2, L: 300 fb^-1, w/o photon",84,2025-08-13 03:45:14.572294
2162,1475,542,370,10000,10000,CWoLa,ParT_Light,ParT_L300_wo_a_09,0.6703562140464783,0.6019736842105263,0.5664007180612346,0.7088515162467957,0.55495,0.57254316,"quark jet: = 2, L: 300 fb^-1, w/o photon",17,2025-08-13 03:48:18.748341
2162,1475,542,370,10000,10000,CWoLa,ParT_Light,ParT_L300_wo_a_02,0.6600388884544373,0.6151315789473685,0.6095392440410891,0.6597406268119812,0.63765,0.69050936,"quark jet: = 2, L: 300 fb^-1, w/o photon",52,2025-08-13 03:50:26.708011
2162,1475,542,370,10000,10000,CWoLa,ParT_Light,ParT_L300_wo_a_10,0.6727949976921082,0.6041666666666666,0.5548668594794057,0.7009342908859253,0.5441,0.5523398150000001,"quark jet: = 2, L: 300 fb^-1, w/o photon",16,2025-08-13 03:51:24.163414
2162,1475,542,370,10000,10000,CWoLa,ParT_Light,ParT_L300_wo_a_03,0.6737480759620667,0.5953947368421053,0.5462625910042884,0.6980416178703308,0.58615,0.611963445,"quark jet: = 2, L: 300 fb^-1, w/o photon",18,2025-08-13 03:53:44.011698
6492,4429,1624,1108,10000,10000,CWoLa,ParT_Light,ParT_L900_wo_a_06,0.6736652255058289,0.5948023426061494,0.5414890140669737,0.7104170918464661,0.54475,0.553579165,"quark jet: = 2, L: 900 fb^-1, w/o photon",12,2025-08-13 03:54:54.755508
2162,1475,542,370,10000,10000,CWoLa,ParT_Light,ParT_L300_wo_a_04,0.6749216318130493,0.5997807017543859,0.5396230178518002,0.7163681387901306,0.53665,0.552827765,"quark jet: = 2, L: 300 fb^-1, w/o photon",18,2025-08-13 03:56:54.375798
6492,4429,1624,1108,10000,10000,CWoLa,ParT_Light,ParT_L900_wo_a_07,0.6854081749916077,0.5962664714494875,0.542488518343974,0.6865246295928955,0.55965,0.57767545,"quark jet: = 2, L: 900 fb^-1, w/o photon",14,2025-08-13 03:58:57.644530
2162,1475,542,370,10000,10000,CWoLa,ParT_Light,ParT_L300_wo_a_05,0.6857038736343384,0.5986842105263158,0.4992221003291114,0.6952821016311646,0.5242,0.5259960850000001,"quark jet: = 2, L: 300 fb^-1, w/o photon",36,2025-08-13 04:02:08.679305
6492,4429,1624,1108,10000,10000,CWoLa,ParT_Light,ParT_L900_wo_a_08,0.6749193668365479,0.613103953147877,0.5763871907844428,0.6756495833396912,0.6042,0.6425361150000001,"quark jet: = 2, L: 900 fb^-1, w/o photon",23,2025-08-13 04:05:21.035270
6492,4429,1624,1108,10000,10000,CWoLa,ParT_Light,ParT_L900_wo_a_01,0.6792040467262268,0.5969985358711567,0.5550524843947289,0.6834936738014221,0.5739,0.60622303,"quark jet: = 2, L: 900 fb^-1, w/o photon",15,2025-08-13 04:06:25.813936
6492,4429,1624,1108,10000,10000,CWoLa,ParT_Light,ParT_L900_wo_a_09,0.6875327229499817,0.5948023426061494,0.5075305992246271,0.7119665145874023,0.50465,0.5015733849999999,"quark jet: = 2, L: 900 fb^-1, w/o photon",12,2025-08-13 04:08:50.255872
6492,4429,1624,1108,10000,10000,CWoLa,ParT_Light,ParT_L900_wo_a_02,0.6860825419425964,0.5940702781844802,0.5159103741708311,0.7154201865196228,0.50635,0.502570195,"quark jet: = 2, L: 900 fb^-1, w/o photon",12,2025-08-13 04:09:56.770512
6492,4429,1624,1108,10000,10000,CWoLa,ParT_Light,ParT_L900_wo_a_10,0.672055721282959,0.6010248901903368,0.5447912405968238,0.7023698091506958,0.56075,0.58109066,"quark jet: = 2, L: 900 fb^-1, w/o photon",14,2025-08-13 04:12:59.084558
6492,4429,1624,1108,10000,10000,CWoLa,ParT_Light,ParT_L900_wo_a_03,0.6747180223464966,0.6035871156661786,0.5821799807935124,0.6720231175422668,0.6222,0.66314397,"quark jet: = 2, L: 900 fb^-1, w/o photon",30,2025-08-13 04:17:42.851309
12985,8860,3248,2216,10000,10000,CWoLa,ParT_Light,ParT_L1800_wo_a_06,0.6811825037002563,0.594619326500732,0.5430065405425832,0.6928353309631348,0.53565,0.542902765,"quark jet: = 2, L: 1800 fb^-1, w/o photon",18,2025-08-13 04:21:14.819186
6492,4429,1624,1108,10000,10000,CWoLa,ParT_Light,ParT_L900_wo_a_04,0.664411723613739,0.6039531478770132,0.6013264480446728,0.6650132536888123,0.64185,0.69104244,"quark jet: = 2, L: 900 fb^-1, w/o photon",35,2025-08-13 04:26:06.270215
6492,4429,1624,1108,10000,10000,CWoLa,ParT_Light,ParT_L900_wo_a_05,0.6802604794502258,0.5999267935578331,0.5188185787199231,0.7310841679573059,0.53935,0.543351315,"quark jet: = 2, L: 900 fb^-1, w/o photon",13,2025-08-13 04:29:55.497623
12985,8860,3248,2216,10000,10000,CWoLa,ParT_Light,ParT_L1800_wo_a_07,0.6735674738883972,0.6034040995607614,0.5543325189841902,0.6853435039520264,0.5829,0.6077509400000001,"quark jet: = 2, L: 1800 fb^-1, w/o photon",22,2025-08-13 04:30:58.685399
12985,8860,3248,2216,10000,10000,CWoLa,ParT_Light,ParT_L1800_wo_a_08,0.6814943552017212,0.5942532942898975,0.5287953514298163,0.6897181868553162,0.5512,0.572361885,"quark jet: = 2, L: 1800 fb^-1, w/o photon",22,2025-08-13 04:40:37.958516
12985,8860,3248,2216,10000,10000,CWoLa,ParT_Light,ParT_L1800_wo_a_09,0.6817150712013245,0.594619326500732,0.5139861825549964,0.7327625751495361,0.52005,0.52251103,"quark jet: = 2, L: 1800 fb^-1, w/o photon",13,2025-08-13 04:46:36.912979
12985,8860,3248,2216,10000,10000,CWoLa,ParT_Light,ParT_L1800_wo_a_01,0.6471894979476929,0.6218887262079063,0.6382521151588981,0.6344494819641113,0.67825,0.7403188,"quark jet: = 2, L: 1800 fb^-1, w/o photon",48,2025-08-13 04:50:07.391687
12985,8860,3248,2216,10000,10000,CWoLa,ParT_Light,ParT_L1800_wo_a_10,0.6823141574859619,0.6156661786237189,0.6177016319956963,0.6526206135749817,0.6426,0.695498255,"quark jet: = 2, L: 1800 fb^-1, w/o photon",27,2025-08-13 04:58:38.255665
12985,8860,3248,2216,10000,10000,CWoLa,ParT_Light,ParT_L1800_wo_a_02,0.6448031663894653,0.6297584187408491,0.643496317089328,0.6422882080078125,0.67025,0.7317599399999999,"quark jet: = 2, L: 1800 fb^-1, w/o photon",34,2025-08-13 05:04:16.545413
12985,8860,3248,2216,10000,10000,CWoLa,ParT_Light,ParT_L1800_wo_a_03,0.6753063797950745,0.595900439238653,0.5437777732700824,0.7099927067756653,0.56495,0.595518005,"quark jet: = 2, L: 1800 fb^-1, w/o photon",12,2025-08-13 05:09:46.488605
12985,8860,3248,2216,10000,10000,CWoLa,ParT_Light,ParT_L1800_wo_a_04,0.649843692779541,0.6224377745241582,0.6436991633840764,0.6227421164512634,0.6899,0.753471695,"quark jet: = 2, L: 1800 fb^-1, w/o photon",33,2025-08-13 05:23:30.518961
21644,14768,5412,3693,10000,10000,CWoLa,ParT_Light,ParT_L3000_wo_a_06,0.6403233408927917,0.6311916529379462,0.6528020441381579,0.6364384889602661,0.69985,0.767969875,"quark jet: = 2, L: 3000 fb^-1, w/o photon",43,2025-08-13 05:26:06.494713
12985,8860,3248,2216,10000,10000,CWoLa,ParT_Light,ParT_L1800_wo_a_05,0.6724063754081726,0.5955344070278185,0.5509828458723836,0.7111501097679138,0.57795,0.6017851000000001,"quark jet: = 2, L: 1800 fb^-1, w/o photon",15,2025-08-13 05:30:22.728392
21644,14768,5412,3693,10000,10000,CWoLa,ParT_Light,ParT_L3000_wo_a_07,0.6375309228897095,0.6360241625480505,0.6638930967258125,0.5971010327339172,0.7208,0.7913852,"quark jet: = 2, L: 3000 fb^-1, w/o photon",47,2025-08-13 05:56:18.211278
21644,14768,5412,3693,10000,10000,CWoLa,ParT_Light,ParT_L3000_wo_a_01,0.647080659866333,0.6226249313563976,0.6357536751277711,0.6452043652534485,0.68115,0.74192176,"quark jet: = 2, L: 3000 fb^-1, w/o photon",40,2025-08-13 05:56:19.678971
21644,14768,5412,3693,10000,10000,CWoLa,ParT_Light,ParT_L3000_wo_a_02,0.6486154794692993,0.6166941241076331,0.6337025672708541,0.6427391171455383,0.6805,0.744073605,"quark jet: = 2, L: 3000 fb^-1, w/o photon",34,2025-08-13 06:18:06.678395
21644,14768,5412,3693,10000,10000,CWoLa,ParT_Light,ParT_L3000_wo_a_08,0.6470216512680054,0.6233937397034597,0.6421640720173541,0.633359432220459,0.68235,0.7469860950000001,"quark jet: = 2, L: 3000 fb^-1, w/o photon",35,2025-08-13 06:18:41.567663
21644,14768,5412,3693,10000,10000,CWoLa,ParT_Light,ParT_L3000_wo_a_03,0.6727294325828552,0.5975837451949478,0.5585346890873827,0.693804144859314,0.56355,0.5840002899999999,"quark jet: = 2, L: 3000 fb^-1, w/o photon",12,2025-08-13 06:26:10.870733
21644,14768,5412,3693,10000,10000,CWoLa,ParT_Light,ParT_L3000_wo_a_09,0.6836575269699097,0.5942888522789675,0.4702394854610978,0.7251299619674683,0.5018,0.45449287,"quark jet: = 2, L: 3000 fb^-1, w/o photon",13,2025-08-13 06:27:29.602991
21644,14768,5412,3693,10000,10000,CWoLa,ParT_Light,ParT_L3000_wo_a_04,0.643059253692627,0.628006589785832,0.6490197190946135,0.6356630921363831,0.697,0.75954769,"quark jet: = 2, L: 3000 fb^-1, w/o photon",44,2025-08-13 06:54:37.022288
21644,14768,5412,3693,10000,10000,CWoLa,ParT_Light,ParT_L3000_wo_a_10,0.6394123435020447,0.6365733113673806,0.6670316877638904,0.6107269525527954,0.6973,0.7630655650000001,"quark jet: = 2, L: 3000 fb^-1, w/o photon",54,2025-08-13 07:01:39.540608
21644,14768,5412,3693,10000,10000,CWoLa,ParT_Light,ParT_L3000_wo_a_05,0.6735523343086243,0.5942888522789675,0.5397314119179151,0.6940966248512268,0.5744,0.597644645,"quark jet: = 2, L: 3000 fb^-1, w/o photon",13,2025-08-13 07:03:27.612159
720,491,180,124,10000,10000,CWoLa,ParT_Light,ParT_L100_w_a_06,0.6782191395759583,0.5953947368421053,0.4897849462365591,0.7206289768218994,0.5059,0.45465482,"quark jet: = 2, L: 100 fb^-1, w/ photon",25,2025-08-13 11:24:41.668684
720,491,180,124,10000,10000,CWoLa,ParT_Light,ParT_L100_w_a_01,0.674394965171814,0.5921052631578947,0.5553763440860215,0.7050241827964783,0.54505,0.55954367,"quark jet: = 2, L: 100 fb^-1, w/ photon",48,2025-08-13 11:25:30.253991
720,491,180,124,10000,10000,CWoLa,ParT_Light,ParT_L100_w_a_07,0.7013366222381592,0.5888157894736842,0.4803763440860215,0.6968194842338562,0.5,0.466393295,"quark jet: = 2, L: 100 fb^-1, w/ photon",54,2025-08-13 11:27:43.790462
720,491,180,124,10000,10000,CWoLa,ParT_Light,ParT_L100_w_a_02,0.671403706073761,0.6118421052631579,0.5711917562724015,0.7108026146888733,0.60525,0.647375595,"quark jet: = 2, L: 100 fb^-1, w/ photon",41,2025-08-13 11:28:38.984194
720,491,180,124,10000,10000,CWoLa,ParT_Light,ParT_L100_w_a_08,0.672328531742096,0.6118421052631579,0.5562275985663083,0.7205860018730164,0.5042,0.4652324,"quark jet: = 2, L: 100 fb^-1, w/ photon",24,2025-08-13 11:29:49.099652
720,491,180,124,10000,10000,CWoLa,ParT_Light,ParT_L100_w_a_03,9.133193016052246,0.6052631578947368,0.540994623655914,7.712473392486572,0.54875,0.55821407,"quark jet: = 2, L: 100 fb^-1, w/ photon",22,2025-08-13 11:30:25.968992
720,491,180,124,10000,10000,CWoLa,ParT_Light,ParT_L100_w_a_09,0.6770864129066467,0.5953947368421053,0.4956989247311827,0.7092065811157227,0.50115,0.45550846,"quark jet: = 2, L: 100 fb^-1, w/ photon",38,2025-08-13 11:32:00.284794
720,491,180,124,10000,10000,CWoLa,ParT_Light,ParT_L100_w_a_04,0.672264575958252,0.5986842105263158,0.575268817204301,0.7216501235961914,0.553,0.5560427050000001,"quark jet: = 2, L: 100 fb^-1, w/ photon",39,2025-08-13 11:33:15.867185
720,491,180,124,10000,10000,CWoLa,ParT_Light,ParT_L100_w_a_05,0.6755741834640503,0.5953947368421053,0.5255376344086021,0.7039297223091125,0.5588,0.5670125899999999,"quark jet: = 2, L: 100 fb^-1, w/ photon",33,2025-08-13 11:35:43.883518
720,491,180,124,10000,10000,CWoLa,ParT_Light,ParT_L100_w_a_10,0.6559390425682068,0.6381578947368421,0.6024641577060933,0.6834909915924072,0.6206,0.6652534649999999,"quark jet: = 2, L: 100 fb^-1, w/ photon",67,2025-08-13 11:35:53.871618
2162,1475,542,370,10000,10000,CWoLa,ParT_Light,ParT_L300_w_a_01,0.6467527151107788,0.6381578947368421,0.640824773112596,0.6477633118629456,0.6667,0.72806235,"quark jet: = 2, L: 300 fb^-1, w/ photon",98,2025-08-13 11:44:21.473101
2162,1475,542,370,10000,10000,CWoLa,ParT_Light,ParT_L300_w_a_06,0.646192193031311,0.6228070175438597,0.6352099331804129,0.6445132493972778,0.66615,0.7219661599999999,"quark jet: = 2, L: 300 fb^-1, w/ photon",115,2025-08-13 11:44:45.793598
2162,1475,542,370,10000,10000,CWoLa,ParT_Light,ParT_L300_w_a_07,0.676483154296875,0.6107456140350878,0.5555599880323128,0.694541335105896,0.5567,0.5647000449999999,"quark jet: = 2, L: 300 fb^-1, w/ photon",26,2025-08-13 11:47:51.485567
2162,1475,542,370,10000,10000,CWoLa,ParT_Light,ParT_L300_w_a_02,0.6772264242172241,0.5953947368421053,0.5028323526478509,0.7160235047340393,0.5052,0.4986455199999999,"quark jet: = 2, L: 300 fb^-1, w/ photon",30,2025-08-13 11:47:56.033429
2162,1475,542,370,10000,10000,CWoLa,ParT_Light,ParT_L300_w_a_03,6.186642169952393,0.5953947368421053,0.4945596888401316,7.624618530273437,0.5,0.436543475,"quark jet: = 2, L: 300 fb^-1, w/ photon",22,2025-08-13 11:50:31.798814
2162,1475,542,370,10000,10000,CWoLa,ParT_Light,ParT_L300_w_a_04,9.167019844055176,0.5932017543859649,0.4607459858382368,7.712473392486572,0.50135,0.456591855,"quark jet: = 2, L: 300 fb^-1, w/ photon",22,2025-08-13 11:53:08.996014
2162,1475,542,370,10000,10000,CWoLa,ParT_Light,ParT_L300_w_a_05,0.6708323955535889,0.6041666666666666,0.563663109604069,0.6838993430137634,0.6131,0.6521507499999999,"quark jet: = 2, L: 300 fb^-1, w/ photon",53,2025-08-13 11:58:17.314270
2162,1475,542,370,10000,10000,CWoLa,ParT_Light,ParT_L300_w_a_08,0.6470695734024048,0.618421052631579,0.624199660915528,0.656045138835907,0.6512,0.710923985,"quark jet: = 2, L: 300 fb^-1, w/ photon",128,2025-08-13 11:58:21.791025
2162,1475,542,370,10000,10000,CWoLa,ParT_Light,ParT_L300_w_a_09,9.167019844055176,0.5942982456140351,0.5051461055151092,7.712473392486572,0.50665,0.506152105,"quark jet: = 2, L: 300 fb^-1, w/ photon",22,2025-08-13 12:00:48.048251
100000,100000,25000,25000,25000,25000,supervised,ParT_Light,ParT_w_a_07,0.4728134274482727,0.78044,0.8572854432000001,0.4701084494590759,0.78264,0.859295352,"pure, w/ photon",48,2025-08-13 12:01:40.220097
2162,1475,542,370,10000,10000,CWoLa,ParT_Light,ParT_L300_w_a_10,9.167019844055176,0.5986842105263158,0.5027725142116286,7.712473392486572,0.55735,0.56461765,"quark jet: = 2, L: 300 fb^-1, w/ photon",22,2025-08-13 12:03:14.369038
6492,4429,1624,1108,10000,10000,CWoLa,ParT_Light,ParT_L900_w_a_01,0.6458196640014648,0.6292093704245973,0.6461249133040493,0.6369789242744446,0.678,0.741675955,"quark jet: = 2, L: 900 fb^-1, w/ photon",76,2025-08-13 12:13:55.828433
6492,4429,1624,1108,10000,10000,CWoLa,ParT_Light,ParT_L900_w_a_02,0.6716859340667725,0.5955344070278185,0.5507263008838541,0.6982374787330627,0.5958,0.62603972,"quark jet: = 2, L: 900 fb^-1, w/ photon",24,2025-08-13 12:19:29.992405
6492,4429,1624,1108,10000,10000,CWoLa,ParT_Light,ParT_L900_w_a_06,0.6414710879325867,0.62298682284041,0.6441275719798687,0.6336027979850769,0.70435,0.7704620099999999,"quark jet: = 2, L: 900 fb^-1, w/ photon",123,2025-08-13 12:26:00.439256
6492,4429,1624,1108,10000,10000,CWoLa,ParT_Light,ParT_L900_w_a_07,0.6403812766075134,0.6277452415812591,0.6546472363998506,0.6178025603294373,0.701,0.76689509,"quark jet: = 2, L: 900 fb^-1, w/ photon",108,2025-08-13 12:45:51.961841
6492,4429,1624,1108,10000,10000,CWoLa,ParT_Light,ParT_L900_w_a_03,0.6408759355545044,0.6295754026354319,0.6584374055236435,0.6320430040359497,0.689,0.7521344449999999,"quark jet: = 2, L: 900 fb^-1, w/ photon",136,2025-08-13 12:47:12.500262
6492,4429,1624,1108,10000,10000,CWoLa,ParT_Light,ParT_L900_w_a_04,6.184537410736084,0.5951683748169839,0.4693590946275186,7.624618530273437,0.5027,0.4468592799999999,"quark jet: = 2, L: 900 fb^-1, w/ photon",22,2025-08-13 12:52:18.456851
6492,4429,1624,1108,10000,10000,CWoLa,ParT_Light,ParT_L900_w_a_08,0.6525422930717468,0.6207906295754027,0.6241969509701055,0.6448293924331665,0.67505,0.73797437,"quark jet: = 2, L: 900 fb^-1, w/ photon",99,2025-08-13 13:03:35.008051
6492,4429,1624,1108,10000,10000,CWoLa,ParT_Light,ParT_L900_w_a_05,0.6482946872711182,0.6211566617862372,0.634778858636695,0.6489653587341309,0.67365,0.7363030400000001,"quark jet: = 2, L: 900 fb^-1, w/ photon",96,2025-08-13 13:12:37.456185
12985,8860,3248,2216,10000,10000,CWoLa,ParT_Light,ParT_L1800_w_a_01,0.6760477423667908,0.5942532942898975,0.4944055408715833,0.7050906419754028,0.5242,0.52221698,"quark jet: = 2, L: 1800 fb^-1, w/ photon",25,2025-08-13 13:22:46.317523
6492,4429,1624,1108,10000,10000,CWoLa,ParT_Light,ParT_L900_w_a_09,0.6469311714172363,0.62701317715959,0.6383528436271808,0.6579529047012329,0.6747,0.73535425,"quark jet: = 2, L: 900 fb^-1, w/ photon",149,2025-08-13 13:30:11.341085
12985,8860,3248,2216,10000,10000,CWoLa,ParT_Light,ParT_L1800_w_a_02,9.169149398803713,0.5990117130307467,0.5267279169852928,7.712473392486572,0.5307,0.5412133050000001,"quark jet: = 2, L: 1800 fb^-1, w/ photon",22,2025-08-13 13:31:34.224211
12985,8860,3248,2216,10000,10000,CWoLa,ParT_Light,ParT_L1800_w_a_03,0.6860669851303101,0.5944363103953147,0.5298227123383898,0.6928384304046631,0.5698,0.58412714,"quark jet: = 2, L: 1800 fb^-1, w/ photon",24,2025-08-13 13:41:21.117657
6492,4429,1624,1108,10000,10000,CWoLa,ParT_Light,ParT_L900_w_a_10,0.6462083458900452,0.6273792093704246,0.6445010314595152,0.636276364326477,0.6768,0.736373065,"quark jet: = 2, L: 900 fb^-1, w/ photon",74,2025-08-13 13:44:19.831164
4320,2946,1080,744,10000,10000,CWoLa,ParT_Light,ParT_L100_wo_a_phi_aug_5_01,6.220083713531494,0.5926535087719298,0.4788057546794105,7.624618530273437,0.50115,0.4357530199999999,"quark jet: = 2, L: 100 fb^-1, w/o photon, phi shifting: +5",22,2025-08-13 13:49:34.878966
4320,2946,1080,744,10000,10000,CWoLa,ParT_Light,ParT_L100_wo_a_phi_aug_5_02,0.6805562376976013,0.5932017543859649,0.521044902429311,0.6955574154853821,0.5174,0.51764299,"quark jet: = 2, L: 100 fb^-1, w/o photon, phi shifting: +5",22,2025-08-13 13:55:14.179785
4320,2946,1080,744,10000,10000,CWoLa,ParT_Light,ParT_L100_wo_a_phi_aug_5_03,9.133193969726562,0.5948464912280702,0.4522575667064913,7.712473392486572,0.50305,0.45821942,"quark jet: = 2, L: 100 fb^-1, w/o photon, phi shifting: +5",22,2025-08-13 14:00:48.030601
12985,8860,3248,2216,10000,10000,CWoLa,ParT_Light,ParT_L1800_w_a_06,0.6393541097640991,0.6277452415812591,0.6536676694127794,0.6120521426200867,0.7106,0.7783624650000001,"quark jet: = 2, L: 1800 fb^-1, w/ photon",66,2025-08-13 14:07:38.701216
4320,2946,1080,744,10000,10000,CWoLa,ParT_Light,ParT_L100_wo_a_phi_aug_5_04,0.6924803853034973,0.5997807017543859,0.517647973914775,0.6935657858848572,0.5247,0.509678295,"quark jet: = 2, L: 100 fb^-1, w/o photon, phi shifting: +5",29,2025-08-13 14:07:48.471061
12985,8860,3248,2216,10000,10000,CWoLa,ParT_Light,ParT_L1800_w_a_04,0.6368135809898376,0.6312225475841874,0.660527694910281,0.6202148199081421,0.70735,0.7757142050000001,"quark jet: = 2, L: 1800 fb^-1, w/ photon",68,2025-08-13 14:08:02.874270
4320,2946,1080,744,10000,10000,CWoLa,ParT_Light,ParT_L100_wo_a_phi_aug_5_05,0.6913743019104004,0.5964912280701754,0.4859431003584229,0.7016608119010925,0.5007,0.437836575,"quark jet: = 2, L: 100 fb^-1, w/o photon, phi shifting: +5",22,2025-08-13 14:13:24.471681
12985,8860,3248,2216,10000,10000,CWoLa,ParT_Light,ParT_L1800_w_a_07,6.184536933898926,0.5942532942898975,0.5283651366683858,7.624618530273437,0.52535,0.528976715,"quark jet: = 2, L: 1800 fb^-1, w/ photon",22,2025-08-13 14:15:30.498509
4320,2946,1080,744,10000,10000,CWoLa,ParT_Light,ParT_L100_wo_a_phi_aug_5_06,0.6761115789413452,0.6074561403508771,0.5111633811230586,0.7142133116722107,0.53805,0.54041391,"quark jet: = 2, L: 100 fb^-1, w/o photon, phi shifting: +5",26,2025-08-13 14:20:03.089611
12985,8860,3248,2216,10000,10000,CWoLa,ParT_Light,ParT_L1800_w_a_05,0.6752262115478516,0.5955344070278185,0.5137433922124807,0.7130414247512817,0.5342,0.546961315,"quark jet: = 2, L: 1800 fb^-1, w/ photon",39,2025-08-13 14:23:00.629442
4320,2946,1080,744,10000,10000,CWoLa,ParT_Light,ParT_L100_wo_a_phi_aug_5_07,9.133193969726562,0.5926535087719298,0.4522613002787733,7.712473392486572,0.5007,0.4561139349999999,"quark jet: = 2, L: 100 fb^-1, w/o photon, phi shifting: +5",22,2025-08-13 14:25:37.397772
12985,8860,3248,2216,10000,10000,CWoLa,ParT_Light,ParT_L1800_w_a_08,0.7170302271842957,0.5984626647144948,0.5287603396035994,0.8100841045379639,0.5663,0.5642670599999999,"quark jet: = 2, L: 1800 fb^-1, w/ photon",41,2025-08-13 14:29:26.642510
4320,2946,1080,744,10000,10000,CWoLa,ParT_Light,ParT_L100_wo_a_phi_aug_5_08,0.6807478666305542,0.5915570175438597,0.4801865541616886,0.7273792624473572,0.5114,0.4923259949999999,"quark jet: = 2, L: 100 fb^-1, w/o photon, phi shifting: +5",25,2025-08-13 14:31:55.323839
21644,14768,5412,3693,10000,10000,CWoLa,ParT_Light,ParT_L3000_w_a_01,6.185111045837402,0.5968149368478858,0.4806805498266931,7.624618530273437,0.5054,0.4404099649999999,"quark jet: = 2, L: 3000 fb^-1, w/ photon",22,2025-08-13 14:36:45.203828
4320,2946,1080,744,10000,10000,CWoLa,ParT_Light,ParT_L100_wo_a_phi_aug_5_09,0.6767774224281311,0.5932017543859649,0.4960162783751494,0.7051880359649658,0.52485,0.531305235,"quark jet: = 2, L: 100 fb^-1, w/o photon, phi shifting: +5",27,2025-08-13 14:38:50.724030
4320,2946,1080,744,10000,10000,CWoLa,ParT_Light,ParT_L100_wo_a_phi_aug_5_10,0.6749947667121887,0.5926535087719298,0.5504343389088013,0.7068069577217102,0.5316,0.540781685,"quark jet: = 2, L: 100 fb^-1, w/o photon, phi shifting: +5",50,2025-08-13 14:48:40.011718
12985,8860,3248,2216,10000,10000,CWoLa,ParT_Light,ParT_L1800_w_a_09,0.6460645198822021,0.6138360175695461,0.6378112023394569,0.6270483136177063,0.69515,0.75944111,"quark jet: = 2, L: 1800 fb^-1, w/ photon",64,2025-08-13 14:51:27.831619
7920,5401,1980,1364,10000,10000,CWoLa,ParT_Light,ParT_L100_wo_a_phi_aug_10_01,0.6768197417259216,0.597188995215311,0.5190575105897686,0.7024500370025635,0.5179,0.52264371,"quark jet: = 2, L: 100 fb^-1, w/o photon, phi shifting: +10",28,2025-08-13 15:00:10.415158
21644,14768,5412,3693,10000,10000,CWoLa,ParT_Light,ParT_L3000_w_a_02,0.6452769637107849,0.6226249313563976,0.6416950558066248,0.636925995349884,0.6991,0.7660453650000001,"quark jet: = 2, L: 3000 fb^-1, w/ photon",49,2025-08-13 15:06:58.754377
7920,5401,1980,1364,10000,10000,CWoLa,ParT_Light,ParT_L100_wo_a_phi_aug_10_02,0.6452577114105225,0.6199162679425837,0.6432425427293462,0.667305052280426,0.6162,0.661234985,"quark jet: = 2, L: 100 fb^-1, w/o photon, phi shifting: +10",50,2025-08-13 15:16:28.787194
12985,8860,3248,2216,10000,10000,CWoLa,ParT_Light,ParT_L1800_w_a_10,0.6285573244094849,0.6411054172767203,0.6718549932421618,0.6169982552528381,0.7064,0.774459345,"quark jet: = 2, L: 1800 fb^-1, w/ photon",86,2025-08-13 15:20:54.736215
7920,5401,1980,1364,10000,10000,CWoLa,ParT_Light,ParT_L100_wo_a_phi_aug_10_03,9.133193016052246,0.5950956937799043,0.4456422731715987,7.712473392486572,0.5011,0.450099465,"quark jet: = 2, L: 100 fb^-1, w/o photon, phi shifting: +10",22,2025-08-13 15:25:38.703586
7920,5401,1980,1364,10000,10000,CWoLa,ParT_Light,ParT_L100_wo_a_phi_aug_10_04,0.6767127513885498,0.5953947368421053,0.5490574735626055,0.696352481842041,0.54705,0.555064455,"quark jet: = 2, L: 100 fb^-1, w/o photon, phi shifting: +10",34,2025-08-13 15:38:08.347457
7920,5401,1980,1364,10000,10000,CWoLa,ParT_Light,ParT_L100_wo_a_phi_aug_10_05,6.220084190368652,0.5924043062200957,0.5081741165318878,7.624618530273437,0.55465,0.570145185,"quark jet: = 2, L: 100 fb^-1, w/o photon, phi shifting: +10",22,2025-08-13 15:47:14.419454
21644,14768,5412,3693,10000,10000,CWoLa,ParT_Light,ParT_L3000_w_a_03,0.6287259459495544,0.6363536518396485,0.6737644770104004,0.6110530495643616,0.71275,0.7831613300000001,"quark jet: = 2, L: 3000 fb^-1, w/ photon",66,2025-08-13 15:48:10.211655
7920,5401,1980,1364,10000,10000,CWoLa,ParT_Light,ParT_L100_wo_a_phi_aug_10_06,0.676141083240509,0.6001794258373205,0.5498530021623863,0.7156233191490173,0.571,0.598613725,"quark jet: = 2, L: 100 fb^-1, w/o photon, phi shifting: +10",26,2025-08-13 15:57:34.720463
21644,14768,5412,3693,10000,10000,CWoLa,ParT_Light,ParT_L3000_w_a_06,0.6386229395866394,0.6269082921471719,0.6593918870102222,0.6101347804069519,0.7218,0.79197393,"quark jet: = 2, L: 3000 fb^-1, w/ photon",69,2025-08-13 15:58:41.643922
21644,14768,5412,3693,10000,10000,CWoLa,ParT_Light,ParT_L3000_w_a_04,9.16856861114502,0.5943986820428336,0.4988627332547604,7.712473392486572,0.5154,0.506922425,"quark jet: = 2, L: 3000 fb^-1, w/ photon",22,2025-08-13 16:01:54.405966
7920,5401,1980,1364,10000,10000,CWoLa,ParT_Light,ParT_L100_wo_a_phi_aug_10_07,0.6785874366760254,0.5930023923444976,0.525416185313546,0.6919150352478027,0.5812,0.60967719,"quark jet: = 2, L: 100 fb^-1, w/o photon, phi shifting: +10",25,2025-08-13 16:07:32.808793
21644,14768,5412,3693,10000,10000,CWoLa,ParT_Light,ParT_L3000_w_a_07,6.185111045837402,0.5949478308621636,0.4646026100797157,7.624618530273437,0.50015,0.439442835,"quark jet: = 2, L: 3000 fb^-1, w/ photon",22,2025-08-13 16:10:57.005798
7920,5401,1980,1364,10000,10000,CWoLa,ParT_Light,ParT_L100_wo_a_phi_aug_10_08,0.6384314298629761,0.6384569377990431,0.6536342160609023,0.6294416189193726,0.6885,0.7531631799999999,"quark jet: = 2, L: 100 fb^-1, w/o photon, phi shifting: +10",67,2025-08-13 16:27:38.171636
7920,5401,1980,1364,10000,10000,CWoLa,ParT_Light,ParT_L100_wo_a_phi_aug_10_09,0.6782126426696777,0.6001794258373205,0.5163632290648419,0.6976463794708252,0.53875,0.539169125,"quark jet: = 2, L: 100 fb^-1, w/o photon, phi shifting: +10",26,2025-08-13 16:38:06.225392
21644,14768,5412,3693,10000,10000,CWoLa,ParT_Light,ParT_L3000_w_a_05,0.6314485669136047,0.6381109280615047,0.6698913407419282,0.6125296950340271,0.708,0.7710594000000001,"quark jet: = 2, L: 3000 fb^-1, w/ photon",76,2025-08-13 16:48:03.612558
720,491,180,124,10000,10000,CWoLa,ParT_Light,ParT_L100_wo_a_01,0.675675630569458,0.6019736842105263,0.535483870967742,0.7009744048118591,0.55395,0.566416645,"quark jet: = 2, L: 100 fb^-1, w/o photon",43,2025-08-13 16:51:10.160438
720,491,180,124,10000,10000,CWoLa,ParT_Light,ParT_L100_wo_a_02,9.133193016052246,0.6019736842105263,0.5259856630824373,7.712473392486572,0.5007,0.44540119,"quark jet: = 2, L: 100 fb^-1, w/o photon",22,2025-08-13 16:53:07.287559
720,491,180,124,10000,10000,CWoLa,ParT_Light,ParT_L100_wo_a_03,9.133193016052246,0.5921052631578947,0.4139784946236559,7.712473392486572,0.50005,0.415369215,"quark jet: = 2, L: 100 fb^-1, w/o photon",22,2025-08-13 16:55:06.569451
720,491,180,124,10000,10000,CWoLa,ParT_Light,ParT_L100_wo_a_04,0.9612940549850464,0.631578947368421,0.606720430107527,0.8167809844017029,0.57805,0.5920859700000001,"quark jet: = 2, L: 100 fb^-1, w/o photon",23,2025-08-13 16:57:16.061932
7920,5401,1980,1364,10000,10000,CWoLa,ParT_Light,ParT_L100_wo_a_phi_aug_10_10,0.6642680168151855,0.6303827751196173,0.6052863680796232,0.6417936086654663,0.67275,0.7309407800000001,"quark jet: = 2, L: 100 fb^-1, w/o photon, phi shifting: +10",67,2025-08-13 16:58:27.380772
720,491,180,124,10000,10000,CWoLa,ParT_Light,ParT_L100_wo_a_05,0.676968514919281,0.5888157894736842,0.5108870967741936,0.70941162109375,0.5079,0.504439785,"quark jet: = 2, L: 100 fb^-1, w/o photon",33,2025-08-13 17:00:22.587040
21644,14768,5412,3693,10000,10000,CWoLa,ParT_Light,ParT_L3000_w_a_08,0.6364744901657104,0.6366831411312466,0.6600142566118077,0.63037109375,0.7066,0.7721235049999999,"quark jet: = 2, L: 3000 fb^-1, w/ photon",93,2025-08-13 17:01:00.211411
2162,1475,542,370,10000,10000,CWoLa,ParT_Light,ParT_L300_wo_a_01,0.6752673983573914,0.5953947368421053,0.5513538446195273,0.6962159872055054,0.5712,0.5962069400000001,"quark jet: = 2, L: 300 fb^-1, w/o photon",25,2025-08-13 17:03:50.417820
2162,1475,542,370,10000,10000,CWoLa,ParT_Light,ParT_L300_wo_a_02,0.6442232728004456,0.6326754385964912,0.6505136132442406,0.6492857336997986,0.66575,0.71970348,"quark jet: = 2, L: 300 fb^-1, w/o photon",115,2025-08-13 17:13:51.326942
2162,1475,542,370,10000,10000,CWoLa,ParT_Light,ParT_L300_wo_a_03,0.682096540927887,0.5953947368421053,0.4655530068814201,0.7276208400726318,0.50555,0.4636037599999999,"quark jet: = 2, L: 300 fb^-1, w/o photon",29,2025-08-13 17:17:30.859942
11520,7856,2880,1984,10000,10000,CWoLa,ParT_Light,ParT_L100_wo_a_phi_aug_15_01,0.6390989422798157,0.6681743421052632,0.6757617362511201,0.6232214570045471,0.68,0.7434711,"quark jet: = 2, L: 100 fb^-1, w/o photon, phi shifting: +15",42,2025-08-13 17:18:15.388312
2162,1475,542,370,10000,10000,CWoLa,ParT_Light,ParT_L300_wo_a_04,0.6774768233299255,0.5942982456140351,0.4446095542036501,0.707306981086731,0.5106,0.482356665,"quark jet: = 2, L: 300 fb^-1, w/o photon",50,2025-08-13 17:22:42.689470
21644,14768,5412,3693,10000,10000,CWoLa,ParT_Light,ParT_L3000_w_a_09,0.6425935626029968,0.6347062053816585,0.6576817840588125,0.6141561269760132,0.697,0.763471485,"quark jet: = 2, L: 3000 fb^-1, w/ photon",45,2025-08-13 17:26:00.532768
2162,1475,542,370,10000,10000,CWoLa,ParT_Light,ParT_L300_wo_a_05,0.6744941473007202,0.5986842105263158,0.5227784980552508,0.7032450437545776,0.55195,0.56899008,"quark jet: = 2, L: 300 fb^-1, w/o photon",34,2025-08-13 17:26:50.361488
6492,4429,1624,1108,10000,10000,CWoLa,ParT_Light,ParT_L900_wo_a_01,6.184537410736084,0.5940702781844802,0.5307926232860877,7.624618530273437,0.5571,0.57353471,"quark jet: = 2, L: 900 fb^-1, w/o photon",22,2025-08-13 17:32:06.559405
11520,7856,2880,1984,10000,10000,CWoLa,ParT_Light,ParT_L100_wo_a_phi_aug_15_02,0.6264284253120422,0.6548108552631579,0.6907917856742831,0.6541165113449097,0.6493,0.70202809,"quark jet: = 2, L: 100 fb^-1, w/o photon, phi shifting: +15",54,2025-08-13 17:41:32.948138
6492,4429,1624,1108,10000,10000,CWoLa,ParT_Light,ParT_L900_wo_a_02,0.6398805379867554,0.6412884333821376,0.6593627180736604,0.6398916840553284,0.66595,0.725097735,"quark jet: = 2, L: 900 fb^-1, w/o photon",71,2025-08-13 17:47:04.307923
6492,4429,1624,1108,10000,10000,CWoLa,ParT_Light,ParT_L900_wo_a_03,0.6812639832496643,0.5951683748169839,0.5776214965944052,0.692743182182312,0.59325,0.627706385,"quark jet: = 2, L: 900 fb^-1, w/o photon",25,2025-08-13 17:53:00.873317
6492,4429,1624,1108,10000,10000,CWoLa,ParT_Light,ParT_L900_wo_a_04,0.689220666885376,0.5951683748169839,0.5053604217424552,0.7561944127082825,0.5103,0.508026815,"quark jet: = 2, L: 900 fb^-1, w/o photon",32,2025-08-13 18:00:29.278430
11520,7856,2880,1984,10000,10000,CWoLa,ParT_Light,ParT_L100_wo_a_phi_aug_15_03,0.6299875378608704,0.6521381578947368,0.6682986461133513,0.6184834241867065,0.7063,0.774669305,"quark jet: = 2, L: 100 fb^-1, w/o photon, phi shifting: +15",51,2025-08-13 18:05:06.369529
21644,14768,5412,3693,10000,10000,CWoLa,ParT_Light,ParT_L3000_w_a_10,0.6317597031593323,0.6363536518396485,0.6678647494140549,0.622900664806366,0.7119,0.778460395,"quark jet: = 2, L: 3000 fb^-1, w/ photon",74,2025-08-13 18:06:33.934209
720,491,180,124,10000,10000,CWoLa,ParT_Light,ParT_L100_wo_a_06,0.6784005165100098,0.6019736842105263,0.5168458781362008,0.7211949229240417,0.59035,0.61087419,"quark jet: = 2, L: 100 fb^-1, w/o photon",39,2025-08-13 18:09:31.851224
720,491,180,124,10000,10000,CWoLa,ParT_Light,ParT_L100_wo_a_07,0.67401522397995,0.6381578947368421,0.5664874551971326,0.6950766444206238,0.5743,0.5886625649999999,"quark jet: = 2, L: 100 fb^-1, w/o photon",38,2025-08-13 18:12:28.128435
720,491,180,124,10000,10000,CWoLa,ParT_Light,ParT_L100_wo_a_08,0.6735650300979614,0.6282894736842105,0.5926075268817205,0.7211467027664185,0.50235,0.44757548,"quark jet: = 2, L: 100 fb^-1, w/o photon",38,2025-08-13 18:15:31.596040
11520,7856,2880,1984,10000,10000,CWoLa,ParT_Light,ParT_L100_wo_a_phi_aug_15_04,0.6775708198547363,0.59375,0.5241679092461917,0.7231810688972473,0.5223,0.5205288699999999,"quark jet: = 2, L: 100 fb^-1, w/o photon, phi shifting: +15",30,2025-08-13 18:20:44.837618
6492,4429,1624,1108,10000,10000,CWoLa,ParT_Light,ParT_L900_wo_a_05,0.6433694362640381,0.6343338213762811,0.6599220736782203,0.6097858548164368,0.7063,0.77592149,"quark jet: = 2, L: 900 fb^-1, w/o photon",109,2025-08-13 18:22:30.502846
720,491,180,124,10000,10000,CWoLa,ParT_Light,ParT_L100_wo_a_09,0.6544290781021118,0.6348684210526315,0.6327508960573477,0.6774182915687561,0.6177,0.6613316,"quark jet: = 2, L: 100 fb^-1, w/o photon",145,2025-08-13 18:22:53.487205
720,491,180,124,10000,10000,CWoLa,ParT_Light,ParT_L100_wo_a_10,9.133193016052246,0.5986842105263158,0.5365143369175628,7.712473392486572,0.5217,0.5262114499999999,"quark jet: = 2, L: 100 fb^-1, w/o photon",22,2025-08-13 18:24:48.251644
2162,1475,542,370,10000,10000,CWoLa,ParT_Light,ParT_L300_wo_a_06,0.6697404980659485,0.606359649122807,0.5849007679265982,0.7069571018218994,0.58585,0.6148205449999999,"quark jet: = 2, L: 300 fb^-1, w/o photon",29,2025-08-13 18:28:14.733418
12985,8860,3248,2216,10000,10000,CWoLa,ParT_Light,ParT_L1800_wo_a_01,9.169149398803713,0.5942532942898975,0.4460110692945173,7.712473392486572,0.50065,0.44213726,"quark jet: = 2, L: 1800 fb^-1, w/o photon",22,2025-08-13 18:31:28.945852
2162,1475,542,370,10000,10000,CWoLa,ParT_Light,ParT_L300_wo_a_07,0.6741622090339661,0.5997807017543859,0.5759499351750275,0.6988336443901062,0.5498,0.56026625,"quark jet: = 2, L: 300 fb^-1, w/o photon",29,2025-08-13 18:31:39.146645
2162,1475,542,370,10000,10000,CWoLa,ParT_Light,ParT_L300_wo_a_08,0.6781930327415466,0.5932017543859649,0.4911588710481699,0.704125165939331,0.54605,0.55175653,"quark jet: = 2, L: 300 fb^-1, w/o photon",30,2025-08-13 18:35:06.820719
2162,1475,542,370,10000,10000,CWoLa,ParT_Light,ParT_L300_wo_a_09,9.140586853027344,0.5975877192982456,0.500034905754463,7.662204742431641,0.52145,0.5276059449999999,"quark jet: = 2, L: 300 fb^-1, w/o photon",22,2025-08-13 18:37:43.200224
2162,1475,542,370,10000,10000,CWoLa,ParT_Light,ParT_L300_wo_a_10,0.674645721912384,0.606359649122807,0.5654981549815498,0.6992496848106384,0.5562,0.556200345,"quark jet: = 2, L: 300 fb^-1, w/o photon",35,2025-08-13 18:41:28.391005
11520,7856,2880,1984,10000,10000,CWoLa,ParT_Light,ParT_L100_wo_a_phi_aug_15_05,0.6682999134063721,0.5956003289473685,0.5976499495967742,0.6502165794372559,0.6699,0.729314075,"quark jet: = 2, L: 100 fb^-1, w/o photon, phi shifting: +15",46,2025-08-13 18:41:31.193128
6492,4429,1624,1108,10000,10000,CWoLa,ParT_Light,ParT_L900_wo_a_06,9.169149398803713,0.5977306002928258,0.5500121707776849,7.712473392486572,0.57215,0.59342047,"quark jet: = 2, L: 900 fb^-1, w/o photon",22,2025-08-13 18:46:17.663125
6492,4429,1624,1108,10000,10000,CWoLa,ParT_Light,ParT_L900_wo_a_07,0.6748211979866028,0.5984626647144948,0.5264155892657075,0.7067822217941284,0.5032,0.4933322299999999,"quark jet: = 2, L: 900 fb^-1, w/o photon",22,2025-08-13 18:51:04.300069
12985,8860,3248,2216,10000,10000,CWoLa,ParT_Light,ParT_L1800_wo_a_02,0.62620609998703,0.6416544655929722,0.6810940167567712,0.6190440058708191,0.71875,0.7881043050000001,"quark jet: = 2, L: 1800 fb^-1, w/o photon",61,2025-08-13 18:55:16.436455
6492,4429,1624,1108,10000,10000,CWoLa,ParT_Light,ParT_L900_wo_a_08,0.669338583946228,0.6094436310395315,0.5857208990592377,0.6763328909873962,0.62325,0.6717640149999999,"quark jet: = 2, L: 900 fb^-1, w/o photon",39,2025-08-13 18:58:47.515483
11520,7856,2880,1984,10000,10000,CWoLa,ParT_Light,ParT_L100_wo_a_phi_aug_15_06,0.6335344314575195,0.6498766447368421,0.6649834089381721,0.6563794016838074,0.66355,0.7202444650000001,"quark jet: = 2, L: 100 fb^-1, w/o photon, phi shifting: +15",63,2025-08-13 19:08:06.766606
12985,8860,3248,2216,10000,10000,CWoLa,ParT_Light,ParT_L1800_wo_a_03,0.7289885878562927,0.594619326500732,0.4828370499590973,0.8318650126457214,0.50005,0.41984064,"quark jet: = 2, L: 1800 fb^-1, w/o photon",38,2025-08-13 19:10:05.897090
6492,4429,1624,1108,10000,10000,CWoLa,ParT_Light,ParT_L900_wo_a_09,0.6376093626022339,0.6409224011713031,0.6622820374882182,0.6377835273742676,0.7136,0.782503845,"quark jet: = 2, L: 900 fb^-1, w/o photon",95,2025-08-13 19:18:17.145367
6492,4429,1624,1108,10000,10000,CWoLa,ParT_Light,ParT_L900_wo_a_10,9.169149398803713,0.5940702781844802,0.5025667003076595,7.712473392486572,0.5063,0.501178405,"quark jet: = 2, L: 900 fb^-1, w/o photon",22,2025-08-13 19:30:01.975119
11520,7856,2880,1984,10000,10000,CWoLa,ParT_Light,ParT_L100_wo_a_phi_aug_15_07,0.658965528011322,0.6303453947368421,0.6165934244791667,0.6476907134056091,0.67835,0.7399063699999999,"quark jet: = 2, L: 100 fb^-1, w/o photon, phi shifting: +15",41,2025-08-13 19:34:46.172052
12985,8860,3248,2216,10000,10000,CWoLa,ParT_Light,ParT_L1800_wo_a_04,0.6392562389373779,0.633601756954612,0.6600208570450463,0.6115599870681763,0.7119,0.780518445,"quark jet: = 2, L: 1800 fb^-1, w/o photon",68,2025-08-13 19:49:11.982709
11520,7856,2880,1984,10000,10000,CWoLa,ParT_Light,ParT_L100_wo_a_phi_aug_15_08,9.133193969726562,0.5918996710526315,0.4972775257616487,7.712473392486572,0.52695,0.52142229,"quark jet: = 2, L: 100 fb^-1, w/o photon, phi shifting: +15",22,2025-08-13 19:49:45.239264
11520,7856,2880,1984,10000,10000,CWoLa,ParT_Light,ParT_L100_wo_a_phi_aug_15_09,0.6500471234321594,0.6437088815789473,0.6422497164818548,0.6427254676818848,0.6602,0.7198255,"quark jet: = 2, L: 100 fb^-1, w/o photon, phi shifting: +15",41,2025-08-13 20:13:19.996886
12985,8860,3248,2216,10000,10000,CWoLa,ParT_Light,ParT_L1800_wo_a_06,0.6396881341934204,0.638177159590044,0.6683734005708595,0.6041937470436096,0.7157,0.7858960549999999,"quark jet: = 2, L: 1800 fb^-1, w/o photon",102,2025-08-13 20:13:45.745391
12985,8860,3248,2216,10000,10000,CWoLa,ParT_Light,ParT_L1800_wo_a_05,0.6363204717636108,0.6354319180087847,0.6656478966228593,0.6085641384124756,0.71565,0.783408825,"quark jet: = 2, L: 1800 fb^-1, w/o photon",88,2025-08-13 20:34:21.507110
12985,8860,3248,2216,10000,10000,CWoLa,ParT_Light,ParT_L1800_wo_a_07,0.6407889127731323,0.633601756954612,0.6551188540351407,0.6131760478019714,0.71765,0.7890798450000002,"quark jet: = 2, L: 1800 fb^-1, w/o photon",65,2025-08-13 20:42:40.074072
11520,7856,2880,1984,10000,10000,CWoLa,ParT_Light,ParT_L100_wo_a_phi_aug_15_10,0.6584532260894775,0.6221217105263158,0.6209384275593638,0.6313498616218567,0.70085,0.7615385450000001,"quark jet: = 2, L: 100 fb^-1, w/o photon, phi shifting: +15",60,2025-08-13 20:46:30.004955
12985,8860,3248,2216,10000,10000,CWoLa,ParT_Light,ParT_L1800_wo_a_08,0.6373724341392517,0.6365300146412884,0.6651038239583149,0.5966042280197144,0.7221,0.7925543800000001,"quark jet: = 2, L: 1800 fb^-1, w/o photon",60,2025-08-13 21:09:25.784179
21644,14768,5412,3693,10000,10000,CWoLa,ParT_Light,ParT_L3000_wo_a_01,0.6293586492538452,0.6398682042833608,0.6723216792761679,0.6078442335128784,0.7256,0.794101345,"quark jet: = 2, L: 3000 fb^-1, w/o photon",58,2025-08-13 21:15:25.652906
12985,8860,3248,2216,10000,10000,CWoLa,ParT_Light,ParT_L1800_wo_a_09,9.169149398803713,0.5949853587115667,0.5400598507718162,7.712473392486572,0.56375,0.5834442950000001,"quark jet: = 2, L: 1800 fb^-1, w/o photon",22,2025-08-13 21:21:23.385945
12985,8860,3248,2216,10000,10000,CWoLa,ParT_Light,ParT_L1800_wo_a_10,9.169149398803713,0.5942532942898975,0.4602400421920293,7.712473392486572,0.50035,0.445494235,"quark jet: = 2, L: 1800 fb^-1, w/o photon",22,2025-08-13 21:29:25.498946
21644,14768,5412,3693,10000,10000,CWoLa,ParT_Light,ParT_L3000_wo_a_06,0.6294131278991699,0.6400878638110928,0.6721525902763643,0.6015220284461975,0.7331,0.802953235,"quark jet: = 2, L: 3000 fb^-1, w/o photon",89,2025-08-13 22:17:54.675612
21644,14768,5412,3693,10000,10000,CWoLa,ParT_Light,ParT_L3000_wo_a_02,0.6340640187263489,0.6408566721581549,0.6733701861795222,0.5939021110534668,0.71545,0.7841963350000001,"quark jet: = 2, L: 3000 fb^-1, w/o photon",107,2025-08-13 22:21:29.759086
21644,14768,5412,3693,10000,10000,CWoLa,ParT_Light,ParT_L3000_wo_a_07,0.6307405829429626,0.6363536518396485,0.6721339527109178,0.6003894805908203,0.72785,0.800131565,"quark jet: = 2, L: 3000 fb^-1, w/o photon",66,2025-08-13 22:54:17.143025
21644,14768,5412,3693,10000,10000,CWoLa,ParT_Light,ParT_L3000_wo_a_03,0.6280655264854431,0.6393190554640308,0.6755766737934714,0.6215699315071106,0.7164,0.78194141,"quark jet: = 2, L: 3000 fb^-1, w/o photon",89,2025-08-13 23:15:57.349500
21644,14768,5412,3693,10000,10000,CWoLa,ParT_Light,ParT_L3000_wo_a_04,0.6618513464927673,0.6174629324546952,0.6289758054880601,0.6359872221946716,0.65865,0.717972145,"quark jet: = 2, L: 3000 fb^-1, w/o photon",39,2025-08-13 23:45:21.461356
21644,14768,5412,3693,10000,10000,CWoLa,ParT_Light,ParT_L3000_wo_a_08,0.6324410438537598,0.6375617792421746,0.6675845104769637,0.6010369062423706,0.73095,0.799605945,"quark jet: = 2, L: 3000 fb^-1, w/o photon",82,2025-08-13 23:46:10.545334
21644,14768,5412,3693,10000,10000,CWoLa,ParT_Light,ParT_L3000_wo_a_05,0.6415087580680847,0.6293245469522241,0.6515716145825514,0.6440109610557556,0.69695,0.76312081,"quark jet: = 2, L: 3000 fb^-1, w/o photon",48,2025-08-14 00:33:58.000812
21644,14768,5412,3693,10000,10000,CWoLa,ParT_Light,ParT_L3000_wo_a_09,0.6297357678413391,0.6486545853926414,0.6822065936854627,0.5866937041282654,0.7252,0.797600505,"quark jet: = 2, L: 3000 fb^-1, w/o photon",71,2025-08-14 00:49:46.259747
21644,14768,5412,3693,10000,10000,CWoLa,ParT_Light,ParT_L3000_wo_a_10,0.631975531578064,0.6369028006589785,0.6704760349427583,0.6178698539733887,0.71055,0.7787453100000001,"quark jet: = 2, L: 3000 fb^-1, w/o photon",62,2025-08-14 01:47:28.576391
720,491,180,124,10000,10000,CWoLa,ParT_Light,ParT_L100_w_a_pTnorm_01,0.6700678467750549,0.5953947368421053,0.571057347670251,0.7054556012153625,0.54885,0.56524774,"quark jet: = 2, L: 100 fb^-1, w/ photon, pT normalization",36,2025-08-21 17:57:16.274481
720,491,180,124,10000,10000,CWoLa,ParT_Light,ParT_L100_wo_a_pTnorm_01,0.6748872399330139,0.6019736842105263,0.5573924731182796,0.6977181434631348,0.6248,0.6670620899999999,"quark jet: = 2, L: 100 fb^-1, w/o photon, pT normalization",42,2025-08-21 18:00:21.456769
720,491,180,124,10000,10000,CWoLa,ParT_Light,ParT_L100_wo_a_pTnorm_02,2.7414114475250244,0.6052631578947368,0.5221326164874552,2.2144336700439453,0.575,0.6008821449999999,"quark jet: = 2, L: 100 fb^-1, w/o photon, pT normalization",23,2025-08-21 18:10:53.394175
720,491,180,124,10000,10000,CWoLa,ParT_Light,ParT_L100_w_a_pTnorm_02,0.6735439896583557,0.6019736842105263,0.5433243727598567,0.7067017555236816,0.53825,0.53714145,"quark jet: = 2, L: 100 fb^-1, w/ photon, pT normalization",31,2025-08-21 18:12:10.171839
720,491,180,124,10000,10000,CWoLa,ParT_Light,ParT_L100_wo_a_pTnorm_03,0.6724138855934143,0.6447368421052632,0.6000896057347671,0.6997707486152649,0.57625,0.591448325,"quark jet: = 2, L: 100 fb^-1, w/o photon, pT normalization",41,2025-08-21 18:30:30.813817
720,491,180,124,10000,10000,CWoLa,ParT_Light,ParT_L100_w_a_pTnorm_03,0.6775699257850647,0.6085526315789473,0.4795250896057348,0.7070915102958679,0.55615,0.574985345,"quark jet: = 2, L: 100 fb^-1, w/ photon, pT normalization",49,2025-08-21 18:31:01.915446
720,491,180,124,10000,10000,CWoLa,ParT_Light,ParT_L100_w_a_pTnorm_04,0.6783063411712646,0.5986842105263158,0.5074372759856631,0.7029901146888733,0.51865,0.5075629300000001,"quark jet: = 2, L: 100 fb^-1, w/ photon, pT normalization",25,2025-08-21 18:39:15.925470
720,491,180,124,10000,10000,CWoLa,ParT_Light,ParT_L100_wo_a_pTnorm_04,0.672637939453125,0.5986842105263158,0.5718637992831541,0.7113983631134033,0.58405,0.612854055,"quark jet: = 2, L: 100 fb^-1, w/o photon, pT normalization",34,2025-08-21 18:42:03.857070
720,491,180,124,10000,10000,CWoLa,ParT_Light,ParT_L100_w_a_pTnorm_05,0.678483784198761,0.6085526315789473,0.5478494623655914,0.7353968620300293,0.5624,0.577315165,"quark jet: = 2, L: 100 fb^-1, w/ photon, pT normalization",36,2025-08-21 18:52:03.673754
720,491,180,124,10000,10000,CWoLa,ParT_Light,ParT_L100_w_a_pTnorm_06,6.220083713531494,0.5888157894736842,0.4624103942652329,7.624618530273437,0.50025,0.42218616,"quark jet: = 2, L: 100 fb^-1, w/ photon, pT normalization",22,2025-08-21 18:59:38.829606
720,491,180,124,10000,10000,CWoLa,ParT_Light,ParT_L100_wo_a_pTnorm_05,0.6728005409240723,0.6019736842105263,0.565905017921147,0.7041648626327515,0.58245,0.61254532,"quark jet: = 2, L: 100 fb^-1, w/o photon, pT normalization",31,2025-08-21 19:01:00.176702
720,491,180,124,10000,10000,CWoLa,ParT_Light,ParT_L100_wo_a_pTnorm_06,2.074625015258789,0.618421052631579,0.5165322580645162,2.1030080318450928,0.5771,0.59752479,"quark jet: = 2, L: 100 fb^-1, w/o photon, pT normalization",29,2025-08-21 19:13:26.398599
720,491,180,124,10000,10000,CWoLa,ParT_Light,ParT_L100_w_a_pTnorm_07,0.6734620928764343,0.6217105263157895,0.5372311827956989,0.7004120349884033,0.57445,0.57529113,"quark jet: = 2, L: 100 fb^-1, w/ photon, pT normalization",48,2025-08-21 19:14:24.897951
720,491,180,124,10000,10000,CWoLa,ParT_Light,ParT_L100_w_a_pTnorm_08,9.133193016052246,0.5953947368421053,0.4528225806451612,7.712473392486572,0.50015,0.4159641349999999,"quark jet: = 2, L: 100 fb^-1, w/ photon, pT normalization",22,2025-08-21 19:23:43.883135
720,491,180,124,10000,10000,CWoLa,ParT_Light,ParT_L100_wo_a_pTnorm_07,0.6727021932601929,0.618421052631579,0.5739695340501793,0.6913264393806458,0.5978,0.62949373,"quark jet: = 2, L: 100 fb^-1, w/o photon, pT normalization",32,2025-08-21 19:29:57.830012
720,491,180,124,10000,10000,CWoLa,ParT_Light,ParT_L100_w_a_pTnorm_09,0.6787331104278564,0.5888157894736842,0.5521505376344087,0.7025307416915894,0.51075,0.492330475,"quark jet: = 2, L: 100 fb^-1, w/ photon, pT normalization",51,2025-08-21 19:43:40.089225
720,491,180,124,10000,10000,CWoLa,ParT_Light,ParT_L100_wo_a_pTnorm_08,0.676568865776062,0.5953947368421053,0.5550179211469534,0.6961172223091125,0.54225,0.558688255,"quark jet: = 2, L: 100 fb^-1, w/o photon, pT normalization",42,2025-08-21 19:45:40.671308
720,491,180,124,10000,10000,CWoLa,ParT_Light,ParT_L100_w_a_pTnorm_10,0.6797280311584473,0.5888157894736842,0.4611111111111111,0.7086447477340698,0.5,0.42737655,"quark jet: = 2, L: 100 fb^-1, w/ photon, pT normalization",28,2025-08-21 19:52:43.125405
720,491,180,124,10000,10000,CWoLa,ParT_Light,ParT_L100_wo_a_pTnorm_09,0.6716182827949524,0.6052631578947368,0.5664426523297491,0.6976853013038635,0.58655,0.6122483350000001,"quark jet: = 2, L: 100 fb^-1, w/o photon, pT normalization",27,2025-08-21 19:57:01.525375
2162,1475,542,370,10000,10000,CWoLa,ParT_Light,ParT_L300_w_a_pTnorm_01,9.167019844055176,0.5932017543859649,0.4825570958412287,7.712473392486572,0.5006,0.4446692949999999,"quark jet: = 2, L: 300 fb^-1, w/ photon, pT normalization",22,2025-08-21 20:01:20.276217
2162,1475,542,370,10000,10000,CWoLa,ParT_Light,ParT_L300_w_a_pTnorm_02,0.6800928115844727,0.5953947368421053,0.5374239553206343,0.7087727785110474,0.55425,0.565822485,"quark jet: = 2, L: 300 fb^-1, w/ photon, pT normalization",23,2025-08-21 20:11:14.663551
720,491,180,124,10000,10000,CWoLa,ParT_Light,ParT_L100_wo_a_pTnorm_10,0.6769729256629944,0.6151315789473685,0.4914874551971326,0.7202301621437073,0.50875,0.40991219,"quark jet: = 2, L: 100 fb^-1, w/o photon, pT normalization",55,2025-08-21 20:18:41.969499
2162,1475,542,370,10000,10000,CWoLa,ParT_Light,ParT_L300_w_a_pTnorm_03,9.167019844055176,0.6052631578947368,0.4659968086167348,7.712473392486572,0.5016,0.40547523,"quark jet: = 2, L: 300 fb^-1, w/ photon, pT normalization",22,2025-08-21 20:21:02.332144
2162,1475,542,370,10000,10000,CWoLa,ParT_Light,ParT_L300_wo_a_pTnorm_01,3.856863021850586,0.6030701754385965,0.527560586416675,3.313787937164306,0.54325,0.5400991749999999,"quark jet: = 2, L: 300 fb^-1, w/o photon, pT normalization",25,2025-08-21 20:33:34.911973
2162,1475,542,370,10000,10000,CWoLa,ParT_Light,ParT_L300_w_a_pTnorm_04,0.6700903177261353,0.6085526315789473,0.5769871347362123,0.695004940032959,0.5587,0.570447025,"quark jet: = 2, L: 300 fb^-1, w/ photon, pT normalization",29,2025-08-21 20:35:40.675702
2162,1475,542,370,10000,10000,CWoLa,ParT_Light,ParT_L300_w_a_pTnorm_05,6.176577568054199,0.5975877192982456,0.4908796250124663,7.597762584686279,0.51015,0.43777794,"quark jet: = 2, L: 300 fb^-1, w/ photon, pT normalization",22,2025-08-21 20:45:10.879121
2162,1475,542,370,10000,10000,CWoLa,ParT_Light,ParT_L300_wo_a_pTnorm_02,0.6706010103225708,0.6019736842105263,0.561603670090755,0.7062692642211914,0.5779,0.6014991399999999,"quark jet: = 2, L: 300 fb^-1, w/o photon, pT normalization",35,2025-08-21 20:50:07.605530
2162,1475,542,370,10000,10000,CWoLa,ParT_Light,ParT_L300_w_a_pTnorm_06,0.6742892265319824,0.6118421052631579,0.538331504936671,0.7065687775611877,0.5718,0.575391125,"quark jet: = 2, L: 300 fb^-1, w/ photon, pT normalization",28,2025-08-21 21:00:07.513214
2162,1475,542,370,10000,10000,CWoLa,ParT_Light,ParT_L300_wo_a_pTnorm_03,0.6735013723373413,0.5997807017543859,0.5497257405006483,0.6925303936004639,0.593,0.6155902550000001,"quark jet: = 2, L: 300 fb^-1, w/o photon, pT normalization",25,2025-08-21 21:03:32.963437
2162,1475,542,370,10000,10000,CWoLa,ParT_Light,ParT_L300_w_a_pTnorm_07,0.679086446762085,0.5964912280701754,0.4991173830657225,0.7280688285827637,0.52325,0.52556096,"quark jet: = 2, L: 300 fb^-1, w/ photon, pT normalization",27,2025-08-21 21:14:52.339586
2162,1475,542,370,10000,10000,CWoLa,ParT_Light,ParT_L300_wo_a_pTnorm_04,0.6747623085975647,0.5986842105263158,0.5803630198464147,0.7184227108955383,0.57725,0.602750585,"quark jet: = 2, L: 300 fb^-1, w/o photon, pT normalization",33,2025-08-21 21:20:03.347975
2162,1475,542,370,10000,10000,CWoLa,ParT_Light,ParT_L300_w_a_pTnorm_08,9.167019844055176,0.5932017543859649,0.5532761543831656,7.712473392486572,0.5674,0.579467355,"quark jet: = 2, L: 300 fb^-1, w/ photon, pT normalization",22,2025-08-21 21:23:00.260713
2162,1475,542,370,10000,10000,CWoLa,ParT_Light,ParT_L300_wo_a_pTnorm_05,0.6797576546669006,0.5932017543859649,0.4817193577341179,0.7205815315246582,0.5002,0.467553405,"quark jet: = 2, L: 300 fb^-1, w/o photon, pT normalization",29,2025-08-21 21:36:40.033834
2162,1475,542,370,10000,10000,CWoLa,ParT_Light,ParT_L300_w_a_pTnorm_09,0.6735298037528992,0.5986842105263158,0.5496235165054353,0.7136791348457336,0.583,0.60965408,"quark jet: = 2, L: 300 fb^-1, w/ photon, pT normalization",33,2025-08-21 21:42:09.729361
2162,1475,542,370,10000,10000,CWoLa,ParT_Light,ParT_L300_wo_a_pTnorm_06,0.6708382964134216,0.6107456140350878,0.5945596888401317,0.6838428974151611,0.6309,0.6717208250000001,"quark jet: = 2, L: 300 fb^-1, w/o photon, pT normalization",51,2025-08-21 21:55:11.736626
2162,1475,542,370,10000,10000,CWoLa,ParT_Light,ParT_L300_wo_a_pTnorm_07,0.6728155612945557,0.6228070175438597,0.571177819886307,0.7034183740615845,0.60245,0.63109554,"quark jet: = 2, L: 300 fb^-1, w/o photon, pT normalization",44,2025-08-21 22:13:58.891374
2162,1475,542,370,10000,10000,CWoLa,ParT_Light,ParT_L300_w_a_pTnorm_10,0.6495606899261475,0.6118421052631579,0.6334845916026728,0.6414665579795837,0.6579,0.710884655,"quark jet: = 2, L: 300 fb^-1, w/ photon, pT normalization",94,2025-08-21 22:14:53.010003
2162,1475,542,370,10000,10000,CWoLa,ParT_Light,ParT_L300_wo_a_pTnorm_08,0.6757570505142212,0.5942982456140351,0.524568664605565,0.7023314833641052,0.52835,0.53761762,"quark jet: = 2, L: 300 fb^-1, w/o photon, pT normalization",23,2025-08-21 22:25:22.659398
6492,4429,1624,1108,10000,10000,CWoLa,ParT_Light,ParT_L900_w_a_pTnorm_01,0.6731951236724854,0.5977306002928258,0.5668759225338337,0.6781125068664551,0.631,0.6775174799999999,"quark jet: = 2, L: 900 fb^-1, w/ photon, pT normalization",41,2025-08-21 22:37:28.360057
2162,1475,542,370,10000,10000,CWoLa,ParT_Light,ParT_L300_wo_a_pTnorm_09,0.6751005053520203,0.5942982456140351,0.5345467238456169,0.7020343542098999,0.55935,0.56125687,"quark jet: = 2, L: 300 fb^-1, w/o photon, pT normalization",29,2025-08-21 22:39:48.612833
6492,4429,1624,1108,10000,10000,CWoLa,ParT_Light,ParT_L900_w_a_pTnorm_02,6.184537410736084,0.5948023426061494,0.5271791805231989,7.624618530273437,0.5903,0.6247047,"quark jet: = 2, L: 900 fb^-1, w/ photon, pT normalization",22,2025-08-21 22:51:47.427235
2162,1475,542,370,10000,10000,CWoLa,ParT_Light,ParT_L300_wo_a_pTnorm_10,0.6795126795768738,0.6008771929824561,0.5167248429241049,0.6871522068977356,0.57115,0.5973953350000001,"quark jet: = 2, L: 300 fb^-1, w/o photon, pT normalization",26,2025-08-21 22:55:10.172215
6492,4429,1624,1108,10000,10000,CWoLa,ParT_Light,ParT_L900_w_a_pTnorm_03,9.169149398803713,0.5948023426061494,0.4954256771176042,7.712473392486572,0.50045,0.46967316,"quark jet: = 2, L: 900 fb^-1, w/ photon, pT normalization",22,2025-08-21 23:04:43.773131
6492,4429,1624,1108,10000,10000,CWoLa,ParT_Light,ParT_L900_w_a_pTnorm_04,0.6871845722198486,0.5955344070278185,0.5222991988404972,0.6895911693572998,0.55255,0.56808768,"quark jet: = 2, L: 900 fb^-1, w/ photon, pT normalization",24,2025-08-21 23:19:57.564604
6492,4429,1624,1108,10000,10000,CWoLa,ParT_Light,ParT_L900_wo_a_pTnorm_01,0.6510387063026428,0.6248169838945827,0.6379343689423984,0.6442064046859741,0.66305,0.715831455,"quark jet: = 2, L: 900 fb^-1, w/o photon, pT normalization",55,2025-08-21 23:26:03.620914
6492,4429,1624,1108,10000,10000,CWoLa,ParT_Light,ParT_L900_w_a_pTnorm_05,0.6759644746780396,0.5980966325036603,0.5096577066031193,0.7050461173057556,0.5056,0.47772388,"quark jet: = 2, L: 900 fb^-1, w/ photon, pT normalization",24,2025-08-21 23:36:48.554154
6492,4429,1624,1108,10000,10000,CWoLa,ParT_Light,ParT_L900_w_a_pTnorm_06,9.169149398803713,0.5966325036603221,0.4583175872739236,7.712473392486572,0.5016,0.392131395,"quark jet: = 2, L: 900 fb^-1, w/ photon, pT normalization",22,2025-08-21 23:50:12.679847
6492,4429,1624,1108,10000,10000,CWoLa,ParT_Light,ParT_L900_wo_a_pTnorm_02,0.6526946425437927,0.6255490483162518,0.6342350638437873,0.6426690220832825,0.6611,0.7156565850000001,"quark jet: = 2, L: 900 fb^-1, w/o photon, pT normalization",60,2025-08-22 00:01:50.957677
6492,4429,1624,1108,10000,10000,CWoLa,ParT_Light,ParT_L900_w_a_pTnorm_07,0.6564846038818359,0.6178623718887262,0.6244181367928723,0.6271330118179321,0.6847,0.7446964150000001,"quark jet: = 2, L: 900 fb^-1, w/ photon, pT normalization",114,2025-08-22 00:47:01.195908
6492,4429,1624,1108,10000,10000,CWoLa,ParT_Light,ParT_L900_wo_a_pTnorm_03,0.6361174583435059,0.6398243045387995,0.6670680985577351,0.6260727643966675,0.6893,0.7514592999999999,"quark jet: = 2, L: 900 fb^-1, w/o photon, pT normalization",95,2025-08-22 00:49:25.892241
6492,4429,1624,1108,10000,10000,CWoLa,ParT_Light,ParT_L900_wo_a_pTnorm_04,0.6728693246841431,0.6021229868228404,0.5494964410200779,0.7110478281974792,0.59125,0.61507656,"quark jet: = 2, L: 900 fb^-1, w/o photon, pT normalization",27,2025-08-22 01:07:45.188854
6492,4429,1624,1108,10000,10000,CWoLa,ParT_Light,ParT_L900_wo_a_pTnorm_05,0.6774982810020447,0.6035871156661786,0.532468467126674,0.7282392978668213,0.5591,0.564394015,"quark jet: = 2, L: 900 fb^-1, w/o photon, pT normalization",23,2025-08-22 01:26:33.900163
6492,4429,1624,1108,10000,10000,CWoLa,ParT_Light,ParT_L900_w_a_pTnorm_08,0.6532542705535889,0.6196925329428989,0.6248591190802226,0.6407861709594727,0.6811,0.74439571,"quark jet: = 2, L: 900 fb^-1, w/ photon, pT normalization",77,2025-08-22 01:33:47.248947
6492,4429,1624,1108,10000,10000,CWoLa,ParT_Light,ParT_L900_w_a_pTnorm_09,0.6796948313713074,0.5966325036603221,0.5202376691682524,0.7086744904518127,0.5761,0.601255175,"quark jet: = 2, L: 900 fb^-1, w/ photon, pT normalization",22,2025-08-22 01:47:39.924771
6492,4429,1624,1108,10000,10000,CWoLa,ParT_Light,ParT_L900_wo_a_pTnorm_06,0.6524913907051086,0.6251830161054173,0.6307130408493535,0.6333646178245544,0.68845,0.7497165450000001,"quark jet: = 2, L: 900 fb^-1, w/o photon, pT normalization",87,2025-08-22 02:16:00.435339
6492,4429,1624,1108,10000,10000,CWoLa,ParT_Light,ParT_L900_w_a_pTnorm_10,0.6476892828941345,0.6292093704245973,0.640606382600345,0.6431103944778442,0.68835,0.751992955,"quark jet: = 2, L: 900 fb^-1, w/ photon, pT normalization",70,2025-08-22 02:24:28.492664
6492,4429,1624,1108,10000,10000,CWoLa,ParT_Light,ParT_L900_wo_a_pTnorm_07,0.6577905416488647,0.6222547584187409,0.6206740943607618,0.6455565094947815,0.66175,0.71750155,"quark jet: = 2, L: 900 fb^-1, w/o photon, pT normalization",67,2025-08-22 02:55:41.301606
6492,4429,1624,1108,10000,10000,CWoLa,ParT_Light,ParT_L900_wo_a_pTnorm_08,6.184537410736084,0.6105417276720352,0.5434613469438566,7.624618530273437,0.55085,0.5604962250000001,"quark jet: = 2, L: 900 fb^-1, w/o photon, pT normalization",22,2025-08-22 03:09:45.841491
12985,8860,3248,2216,10000,10000,CWoLa,ParT_Light,ParT_L1800_w_a_pTnorm_01,0.6494698524475098,0.62298682284041,0.6394005586331384,0.6248216032981873,0.69765,0.75778904,"quark jet: = 2, L: 1800 fb^-1, w/ photon, pT normalization",57,2025-08-22 03:17:50.570813
6492,4429,1624,1108,10000,10000,CWoLa,ParT_Light,ParT_L900_wo_a_pTnorm_09,0.680446445941925,0.5944363103953147,0.5155341359748182,0.7383412718772888,0.50355,0.4813953549999999,"quark jet: = 2, L: 900 fb^-1, w/o photon, pT normalization",26,2025-08-22 03:28:20.729728
6492,4429,1624,1108,10000,10000,CWoLa,ParT_Light,ParT_L900_wo_a_pTnorm_10,0.6546138525009155,0.6178623718887262,0.6318339750315662,0.6394268870353699,0.6754,0.735899055,"quark jet: = 2, L: 900 fb^-1, w/o photon, pT normalization",76,2025-08-22 04:09:54.933410
12985,8860,3248,2216,10000,10000,CWoLa,ParT_Light,ParT_L1800_w_a_pTnorm_02,0.6445902585983276,0.6224377745241582,0.6492768807463855,0.6158519983291626,0.6941,0.7605854849999999,"quark jet: = 2, L: 1800 fb^-1, w/ photon, pT normalization",79,2025-08-22 04:22:36.094663
12985,8860,3248,2216,10000,10000,CWoLa,ParT_Light,ParT_L1800_w_a_pTnorm_03,0.654338538646698,0.6147510980966325,0.630605851865519,0.6425848007202148,0.6483,0.7115326550000001,"quark jet: = 2, L: 1800 fb^-1, w/ photon, pT normalization",44,2025-08-22 04:40:18.036035
12985,8860,3248,2216,10000,10000,CWoLa,ParT_Light,ParT_L1800_w_a_pTnorm_04,0.6944539546966553,0.5951683748169839,0.542152502067365,0.6880947351455688,0.57805,0.5998401999999999,"quark jet: = 2, L: 1800 fb^-1, w/ photon, pT normalization",30,2025-08-22 04:52:25.850974
12985,8860,3248,2216,10000,10000,CWoLa,ParT_Light,ParT_L1800_wo_a_pTnorm_01,0.6402958035469055,0.6281112737920937,0.6544928787056962,0.6094261407852173,0.70815,0.774029695,"quark jet: = 2, L: 1800 fb^-1, w/o photon, pT normalization",93,2025-08-22 04:54:24.183023
12985,8860,3248,2216,10000,10000,CWoLa,ParT_Light,ParT_L1800_w_a_pTnorm_05,0.6452422738075256,0.6218887262079063,0.6437204900321887,0.6385663151741028,0.6962,0.7621268750000001,"quark jet: = 2, L: 1800 fb^-1, w/ photon, pT normalization",70,2025-08-22 05:19:09.193738
12985,8860,3248,2216,10000,10000,CWoLa,ParT_Light,ParT_L1800_wo_a_pTnorm_02,0.6356296539306641,0.6370790629575402,0.6696956527538191,0.6086311936378479,0.70605,0.772302715,"quark jet: = 2, L: 1800 fb^-1, w/o photon, pT normalization",77,2025-08-22 05:23:43.405203
12985,8860,3248,2216,10000,10000,CWoLa,ParT_Light,ParT_L1800_w_a_pTnorm_06,6.184536933898926,0.594619326500732,0.461936518001636,7.624650955200195,0.5,0.413926585,"quark jet: = 2, L: 1800 fb^-1, w/ photon, pT normalization",22,2025-08-22 05:27:57.556734
12985,8860,3248,2216,10000,10000,CWoLa,ParT_Light,ParT_L1800_wo_a_pTnorm_03,0.6557714343070984,0.6162152269399708,0.6216861723293201,0.6372655034065247,0.6742,0.7320138150000001,"quark jet: = 2, L: 1800 fb^-1, w/o photon, pT normalization",48,2025-08-22 05:42:17.626782
12985,8860,3248,2216,10000,10000,CWoLa,ParT_Light,ParT_L1800_w_a_pTnorm_07,0.64588463306427,0.6202415812591509,0.6457105372259073,0.6168797016143799,0.69695,0.7596733299999999,"quark jet: = 2, L: 1800 fb^-1, w/ photon, pT normalization",104,2025-08-22 06:07:12.351361
12985,8860,3248,2216,10000,10000,CWoLa,ParT_Light,ParT_L1800_wo_a_pTnorm_04,0.6438943147659302,0.6233528550512445,0.6436336551457381,0.649440348148346,0.68825,0.7490097499999999,"quark jet: = 2, L: 1800 fb^-1, w/o photon, pT normalization",81,2025-08-22 06:12:59.203848
12985,8860,3248,2216,10000,10000,CWoLa,ParT_Light,ParT_L1800_w_a_pTnorm_08,0.6479095220565796,0.6195095168374817,0.643351684902456,0.6206328868865967,0.69155,0.7554816799999999,"quark jet: = 2, L: 1800 fb^-1, w/ photon, pT normalization",78,2025-08-22 06:36:43.474391
12985,8860,3248,2216,10000,10000,CWoLa,ParT_Light,ParT_L1800_wo_a_pTnorm_05,0.6476415395736694,0.6187774524158126,0.6444553215752876,0.6127920746803284,0.6935,0.7582144299999999,"quark jet: = 2, L: 1800 fb^-1, w/o photon, pT normalization",70,2025-08-22 06:40:18.718644
12985,8860,3248,2216,10000,10000,CWoLa,ParT_Light,ParT_L1800_wo_a_pTnorm_06,0.6495174765586853,0.62701317715959,0.638549507278014,0.6234394311904907,0.68585,0.7497400099999999,"quark jet: = 2, L: 1800 fb^-1, w/o photon, pT normalization",47,2025-08-22 06:59:00.608889
12985,8860,3248,2216,10000,10000,CWoLa,ParT_Light,ParT_L1800_w_a_pTnorm_09,0.639539897441864,0.6301244509516838,0.6594641412210347,0.6177942156791687,0.6877,0.7539900599999999,"quark jet: = 2, L: 1800 fb^-1, w/ photon, pT normalization",103,2025-08-22 07:15:52.136374
12985,8860,3248,2216,10000,10000,CWoLa,ParT_Light,ParT_L1800_wo_a_pTnorm_07,0.6445909738540649,0.6218887262079063,0.6443354894319859,0.6352786421775818,0.67925,0.7392169800000001,"quark jet: = 2, L: 1800 fb^-1, w/o photon, pT normalization",47,2025-08-22 07:17:28.247873
12985,8860,3248,2216,10000,10000,CWoLa,ParT_Light,ParT_L1800_wo_a_pTnorm_08,0.676152765750885,0.5948023426061494,0.5114278183964361,0.7049750685691833,0.54935,0.546076605,"quark jet: = 2, L: 1800 fb^-1, w/o photon, pT normalization",24,2025-08-22 07:27:14.873631
12985,8860,3248,2216,10000,10000,CWoLa,ParT_Light,ParT_L1800_w_a_pTnorm_10,0.6469098329544067,0.6286603221083455,0.6408849489160784,0.6198806166648865,0.6978,0.7656208449999999,"quark jet: = 2, L: 1800 fb^-1, w/ photon, pT normalization",59,2025-08-22 07:38:28.510630
12985,8860,3248,2216,10000,10000,CWoLa,ParT_Light,ParT_L1800_wo_a_pTnorm_09,0.6741099953651428,0.5955344070278185,0.5253805174192172,0.7101779580116272,0.5611,0.569463885,"quark jet: = 2, L: 1800 fb^-1, w/o photon, pT normalization",30,2025-08-22 07:39:37.993293
12985,8860,3248,2216,10000,10000,CWoLa,ParT_Light,ParT_L1800_wo_a_pTnorm_10,0.6490580439567566,0.6231698389458272,0.6353990681296793,0.6425430774688721,0.6694,0.7269194050000001,"quark jet: = 2, L: 1800 fb^-1, w/o photon, pT normalization",46,2025-08-22 07:58:01.864998
21644,14768,5412,3693,10000,10000,CWoLa,ParT_Light,ParT_L3000_w_a_pTnorm_01,0.6367191672325134,0.6315211422295443,0.6588227533002751,0.63157057762146,0.7033,0.768953895,"quark jet: = 2, L: 3000 fb^-1, w/ photon, pT normalization",72,2025-08-22 08:22:58.781252
21644,14768,5412,3693,10000,10000,CWoLa,ParT_Light,ParT_L3000_w_a_pTnorm_02,6.185111045837402,0.5947281713344317,0.4836321898223782,7.624618530273437,0.50925,0.478879895,"quark jet: = 2, L: 3000 fb^-1, w/ photon, pT normalization",22,2025-08-22 08:36:41.739060
21644,14768,5412,3693,10000,10000,CWoLa,ParT_Light,ParT_L3000_w_a_pTnorm_03,0.6442652344703674,0.6275672707303679,0.6504223147245873,0.6044611930847168,0.7082,0.778179255,"quark jet: = 2, L: 3000 fb^-1, w/ photon, pT normalization",57,2025-08-22 09:12:12.974409
21644,14768,5412,3693,10000,10000,CWoLa,ParT_Light,ParT_L3000_wo_a_pTnorm_01,0.6389996409416199,0.6330587589236684,0.6578322354931696,0.6188367605209351,0.69565,0.758878735,"quark jet: = 2, L: 3000 fb^-1, w/o photon, pT normalization",127,2025-08-22 09:14:31.389275
21644,14768,5412,3693,10000,10000,CWoLa,ParT_Light,ParT_L3000_wo_a_pTnorm_02,0.6475019454956055,0.6247116968698517,0.643059275563585,0.6163865327835083,0.70165,0.7655430249999999,"quark jet: = 2, L: 3000 fb^-1, w/o photon, pT normalization",64,2025-08-22 09:54:11.814987
21644,14768,5412,3693,10000,10000,CWoLa,ParT_Light,ParT_L3000_w_a_pTnorm_04,0.6348379850387573,0.6293245469522241,0.659893750366497,0.6257160305976868,0.70915,0.77821713,"quark jet: = 2, L: 3000 fb^-1, w/ photon, pT normalization",99,2025-08-22 10:12:17.896718
21644,14768,5412,3693,10000,10000,CWoLa,ParT_Light,ParT_L3000_wo_a_pTnorm_03,0.6749148964881897,0.5960461285008237,0.5562455957806753,0.7005851864814758,0.60375,0.627952815,"quark jet: = 2, L: 3000 fb^-1, w/o photon, pT normalization",46,2025-08-22 10:22:21.679214
21644,14768,5412,3693,10000,10000,CWoLa,ParT_Light,ParT_L3000_w_a_pTnorm_05,0.6392155289649963,0.62888522789676,0.6581990077710392,0.6167420744895935,0.6975,0.76335337,"quark jet: = 2, L: 3000 fb^-1, w/ photon, pT normalization",107,2025-08-22 11:17:04.896623
21644,14768,5412,3693,10000,10000,CWoLa,ParT_Light,ParT_L3000_wo_a_pTnorm_04,0.6313544511795044,0.6404173531026909,0.6743282821278105,0.6069364547729492,0.70465,0.7701803850000001,"quark jet: = 2, L: 3000 fb^-1, w/o photon, pT normalization",95,2025-08-22 11:19:48.718767
21644,14768,5412,3693,10000,10000,CWoLa,ParT_Light,ParT_L3000_w_a_pTnorm_06,0.6449968218803406,0.6217462932454695,0.6437942210638413,0.6273975372314453,0.69185,0.757027495,"quark jet: = 2, L: 3000 fb^-1, w/ photon, pT normalization",66,2025-08-22 11:57:37.691482
21644,14768,5412,3693,10000,10000,CWoLa,ParT_Light,ParT_L3000_wo_a_pTnorm_05,0.6404592394828796,0.6351455244371225,0.6607199073615432,0.6033857464790344,0.7028,0.7694395350000001,"quark jet: = 2, L: 3000 fb^-1, w/o photon, pT normalization",122,2025-08-22 12:33:20.470466
21644,14768,5412,3693,10000,10000,CWoLa,ParT_Light,ParT_L3000_w_a_pTnorm_07,0.6419963240623474,0.6210873146622735,0.6494953147411985,0.6107027530670166,0.71595,0.78031016,"quark jet: = 2, L: 3000 fb^-1, w/ photon, pT normalization",77,2025-08-22 12:44:42.607269
21644,14768,5412,3693,10000,10000,CWoLa,ParT_Light,ParT_L3000_w_a_pTnorm_08,0.6769160032272339,0.5945085118066996,0.5229008147292905,0.7172037959098816,0.54245,0.56137924,"quark jet: = 2, L: 3000 fb^-1, w/ photon, pT normalization",22,2025-08-22 12:58:27.939901
21644,14768,5412,3693,10000,10000,CWoLa,ParT_Light,ParT_L3000_wo_a_pTnorm_06,0.6461585164070129,0.6242723778143877,0.6504604654458035,0.606421172618866,0.70595,0.77422429,"quark jet: = 2, L: 3000 fb^-1, w/o photon, pT normalization",74,2025-08-22 13:18:27.488268
21644,14768,5412,3693,10000,10000,CWoLa,ParT_Light,ParT_L3000_w_a_pTnorm_09,0.6425431966781616,0.6248215266337177,0.6492328627960972,0.6340274214744568,0.6977,0.76655164,"quark jet: = 2, L: 3000 fb^-1, w/ photon, pT normalization",36,2025-08-22 13:21:16.131617
21644,14768,5412,3693,10000,10000,CWoLa,ParT_Light,ParT_L3000_w_a_pTnorm_10,9.16856861114502,0.5949478308621636,0.5130226798907823,7.712473392486572,0.5261,0.522235075,"quark jet: = 2, L: 3000 fb^-1, w/ photon, pT normalization",22,2025-08-22 13:35:00.391059
21644,14768,5412,3693,10000,10000,CWoLa,ParT_Light,ParT_L3000_wo_a_pTnorm_07,0.6379233598709106,0.6313014827018122,0.6613568367793566,0.608188271522522,0.7121,0.781962405,"quark jet: = 2, L: 3000 fb^-1, w/o photon, pT normalization",70,2025-08-22 14:01:17.712673
21644,14768,5412,3693,10000,10000,CWoLa,ParT_Light,ParT_L3000_wo_a_pTnorm_08,0.6415435671806335,0.6330587589236684,0.6551686897306164,0.6478772163391113,0.6931,0.756402725,"quark jet: = 2, L: 3000 fb^-1, w/o photon, pT normalization",90,2025-08-22 14:55:48.385422
21644,14768,5412,3693,10000,10000,CWoLa,ParT_Light,ParT_L3000_wo_a_pTnorm_09,0.6423193216323853,0.6328390993959363,0.6625282515471932,0.6060944199562073,0.6928,0.7575261149999999,"quark jet: = 2, L: 3000 fb^-1, w/o photon, pT normalization",64,2025-08-22 15:34:57.714099
21644,14768,5412,3693,10000,10000,CWoLa,ParT_Light,ParT_L3000_wo_a_pTnorm_10,0.6290450692176819,0.6372322899505766,0.6729849514542705,0.6307955980300903,0.69505,0.7546772500000001,"quark jet: = 2, L: 3000 fb^-1, w/o photon, pT normalization",96,2025-08-22 16:33:36.023946
